ts_rgb_0 (ns),path_rgb_0,ts_depth_0 (ns),path_depth_0
2989023949623,rgb_0/2989.023949.png,2989023949623,depth_0/2989.023949.png
2989060813189,rgb_0/2989.060813.png,2989060813189,depth_0/2989.060813.png
2989097676516,rgb_0/2989.097676.png,2989097676516,depth_0/2989.097676.png
2989134539604,rgb_0/2989.134539.png,2989134539604,depth_0/2989.134539.png
2989171402931,rgb_0/2989.171402.png,2989171402931,depth_0/2989.171402.png
2989208266258,rgb_0/2989.208266.png,2989208266258,depth_0/2989.208266.png
2989245129824,rgb_0/2989.245129.png,2989245129824,depth_0/2989.245129.png
2989281993151,rgb_0/2989.281993.png,2989281993151,depth_0/2989.281993.png
2989318856239,rgb_0/2989.318856.png,2989318856239,depth_0/2989.318856.png
2989355719566,rgb_0/2989.355719.png,2989355719566,depth_0/2989.355719.png
2989392583132,rgb_0/2989.392583.png,2989392583132,depth_0/2989.392583.png
2989429446459,rgb_0/2989.429446.png,2989429446459,depth_0/2989.429446.png
2989466309786,rgb_0/2989.466309.png,2989466309786,depth_0/2989.466309.png
2989503173113,rgb_0/2989.503173.png,2989503173113,depth_0/2989.503173.png
2989540036440,rgb_0/2989.540036.png,2989540036440,depth_0/2989.540036.png
2989576899767,rgb_0/2989.576899.png,2989576899767,depth_0/2989.576899.png
2989613763094,rgb_0/2989.613763.png,2989613763094,depth_0/2989.613763.png
2989650626421,rgb_0/2989.650626.png,2989650626421,depth_0/2989.650626.png
2989687489986,rgb_0/2989.687489.png,2989687489986,depth_0/2989.687489.png
2989724353313,rgb_0/2989.724353.png,2989724353313,depth_0/2989.724353.png
2989761216402,rgb_0/2989.761216.png,2989761216402,depth_0/2989.761216.png
2989798079729,rgb_0/2989.798079.png,2989798079729,depth_0/2989.798079.png
2989834943295,rgb_0/2989.834943.png,2989834943295,depth_0/2989.834943.png
2989871806622,rgb_0/2989.871806.png,2989871806622,depth_0/2989.871806.png
2989908669949,rgb_0/2989.908669.png,2989908669949,depth_0/2989.908669.png
2989945533037,rgb_0/2989.945533.png,2989945533037,depth_0/2989.945533.png
2989982396603,rgb_0/2989.982396.png,2989982396603,depth_0/2989.982396.png
2990019259930,rgb_0/2990.019259.png,2990019259930,depth_0/2990.019259.png
2990056123257,rgb_0/2990.056123.png,2990056123257,depth_0/2990.056123.png
2990092986584,rgb_0/2990.092986.png,2990092986584,depth_0/2990.092986.png
2990129850149,rgb_0/2990.129850.png,2990129850149,depth_0/2990.129850.png
2990166713238,rgb_0/2990.166713.png,2990166713238,depth_0/2990.166713.png
2990203576565,rgb_0/2990.203576.png,2990203576565,depth_0/2990.203576.png
2990240439892,rgb_0/2990.240439.png,2990240439892,depth_0/2990.240439.png
2990277303457,rgb_0/2990.277303.png,2990277303457,depth_0/2990.277303.png
2990314166784,rgb_0/2990.314166.png,2990314166784,depth_0/2990.314166.png
2990351030111,rgb_0/2990.351030.png,2990351030111,depth_0/2990.351030.png
2990387893200,rgb_0/2990.387893.png,2990387893200,depth_0/2990.387893.png
2990424756765,rgb_0/2990.424756.png,2990424756765,depth_0/2990.424756.png
2990461620092,rgb_0/2990.461620.png,2990461620092,depth_0/2990.461620.png
2990498483419,rgb_0/2990.498483.png,2990498483419,depth_0/2990.498483.png
2990535346746,rgb_0/2990.535346.png,2990535346746,depth_0/2990.535346.png
2990572210073,rgb_0/2990.572210.png,2990572210073,depth_0/2990.572210.png
2990609073400,rgb_0/2990.609073.png,2990609073400,depth_0/2990.609073.png
2990645936728,rgb_0/2990.645936.png,2990645936728,depth_0/2990.645936.png
2990682800055,rgb_0/2990.682800.png,2990682800055,depth_0/2990.682800.png
2990719663620,rgb_0/2990.719663.png,2990719663620,depth_0/2990.719663.png
2990756526947,rgb_0/2990.756526.png,2990756526947,depth_0/2990.756526.png
2990793390036,rgb_0/2990.793390.png,2990793390036,depth_0/2990.793390.png
2990830253363,rgb_0/2990.830253.png,2990830253363,depth_0/2990.830253.png
2990867116928,rgb_0/2990.867116.png,2990867116928,depth_0/2990.867116.png
2990903980255,rgb_0/2990.903980.png,2990903980255,depth_0/2990.903980.png
2990940843582,rgb_0/2990.940843.png,2990940843582,depth_0/2990.940843.png
2990977706909,rgb_0/2990.977706.png,2990977706909,depth_0/2990.977706.png
2991014570236,rgb_0/2991.014570.png,2991014570236,depth_0/2991.014570.png
2991051433563,rgb_0/2991.051433.png,2991051433563,depth_0/2991.051433.png
2991088296890,rgb_0/2991.088296.png,2991088296890,depth_0/2991.088296.png
2991125160217,rgb_0/2991.125160.png,2991125160217,depth_0/2991.125160.png
2991162023783,rgb_0/2991.162023.png,2991162023783,depth_0/2991.162023.png
2991198886871,rgb_0/2991.198886.png,2991198886871,depth_0/2991.198886.png
2991235750198,rgb_0/2991.235750.png,2991235750198,depth_0/2991.235750.png
2991272613525,rgb_0/2991.272613.png,2991272613525,depth_0/2991.272613.png
2991309477091,rgb_0/2991.309477.png,2991309477091,depth_0/2991.309477.png
2991346340418,rgb_0/2991.346340.png,2991346340418,depth_0/2991.346340.png
2991383203745,rgb_0/2991.383203.png,2991383203745,depth_0/2991.383203.png
2991420066833,rgb_0/2991.420066.png,2991420066833,depth_0/2991.420066.png
2991456930399,rgb_0/2991.456930.png,2991456930399,depth_0/2991.456930.png
2991493793726,rgb_0/2991.493793.png,2991493793726,depth_0/2991.493793.png
2991530657053,rgb_0/2991.530657.png,2991530657053,depth_0/2991.530657.png
2991567520380,rgb_0/2991.567520.png,2991567520380,depth_0/2991.567520.png
2991604383707,rgb_0/2991.604383.png,2991604383707,depth_0/2991.604383.png
2991641247034,rgb_0/2991.641247.png,2991641247034,depth_0/2991.641247.png
2991678110361,rgb_0/2991.678110.png,2991678110361,depth_0/2991.678110.png
2991714973688,rgb_0/2991.714973.png,2991714973688,depth_0/2991.714973.png
2991751837254,rgb_0/2991.751837.png,2991751837254,depth_0/2991.751837.png
2991788700581,rgb_0/2991.788700.png,2991788700581,depth_0/2991.788700.png
2991825563669,rgb_0/2991.825563.png,2991825563669,depth_0/2991.825563.png
2991862426996,rgb_0/2991.862426.png,2991862426996,depth_0/2991.862426.png
2991899290323,rgb_0/2991.899290.png,2991899290323,depth_0/2991.899290.png
2991936153889,rgb_0/2991.936153.png,2991936153889,depth_0/2991.936153.png
2991973017216,rgb_0/2991.973017.png,2991973017216,depth_0/2991.973017.png
2992009880543,rgb_0/2992.009880.png,2992009880543,depth_0/2992.009880.png
2992046743631,rgb_0/2992.046743.png,2992046743631,depth_0/2992.046743.png
2992083607197,rgb_0/2992.083607.png,2992083607197,depth_0/2992.083607.png
2992120470524,rgb_0/2992.120470.png,2992120470524,depth_0/2992.120470.png
2992157333851,rgb_0/2992.157333.png,2992157333851,depth_0/2992.157333.png
2992194197178,rgb_0/2992.194197.png,2992194197178,depth_0/2992.194197.png
2992231060505,rgb_0/2992.231060.png,2992231060505,depth_0/2992.231060.png
2992267923832,rgb_0/2992.267923.png,2992267923832,depth_0/2992.267923.png
2992304787159,rgb_0/2992.304787.png,2992304787159,depth_0/2992.304787.png
2992341650486,rgb_0/2992.341650.png,2992341650486,depth_0/2992.341650.png
2992378514051,rgb_0/2992.378514.png,2992378514051,depth_0/2992.378514.png
2992415377378,rgb_0/2992.415377.png,2992415377378,depth_0/2992.415377.png
2992452240467,rgb_0/2992.452240.png,2992452240467,depth_0/2992.452240.png
2992489103794,rgb_0/2992.489103.png,2992489103794,depth_0/2992.489103.png
2992525967360,rgb_0/2992.525967.png,2992525967360,depth_0/2992.525967.png
2992562830687,rgb_0/2992.562830.png,2992562830687,depth_0/2992.562830.png
2992599694014,rgb_0/2992.599694.png,2992599694014,depth_0/2992.599694.png
2992636557341,rgb_0/2992.636557.png,2992636557341,depth_0/2992.636557.png
2992673420668,rgb_0/2992.673420.png,2992673420668,depth_0/2992.673420.png
2992710283995,rgb_0/2992.710283.png,2992710283995,depth_0/2992.710283.png
2992747147322,rgb_0/2992.747147.png,2992747147322,depth_0/2992.747147.png
2992784010649,rgb_0/2992.784010.png,2992784010649,depth_0/2992.784010.png
2992820874214,rgb_0/2992.820874.png,2992820874214,depth_0/2992.820874.png
2992857737303,rgb_0/2992.857737.png,2992857737303,depth_0/2992.857737.png
2992894600630,rgb_0/2992.894600.png,2992894600630,depth_0/2992.894600.png
2992931463957,rgb_0/2992.931463.png,2992931463957,depth_0/2992.931463.png
2992968327522,rgb_0/2992.968327.png,2992968327522,depth_0/2992.968327.png
2993005190849,rgb_0/2993.005190.png,2993005190849,depth_0/2993.005190.png
2993042054176,rgb_0/2993.042054.png,2993042054176,depth_0/2993.042054.png
2993078917265,rgb_0/2993.078917.png,2993078917265,depth_0/2993.078917.png
2993115780830,rgb_0/2993.115780.png,2993115780830,depth_0/2993.115780.png
2993152644157,rgb_0/2993.152644.png,2993152644157,depth_0/2993.152644.png
2993189507484,rgb_0/2993.189507.png,2993189507484,depth_0/2993.189507.png
2993226370811,rgb_0/2993.226370.png,2993226370811,depth_0/2993.226370.png
2993263234377,rgb_0/2993.263234.png,2993263234377,depth_0/2993.263234.png
2993300097466,rgb_0/2993.300097.png,2993300097466,depth_0/2993.300097.png
2993336960793,rgb_0/2993.336960.png,2993336960793,depth_0/2993.336960.png
2993373824120,rgb_0/2993.373824.png,2993373824120,depth_0/2993.373824.png
2993410687685,rgb_0/2993.410687.png,2993410687685,depth_0/2993.410687.png
2993447551012,rgb_0/2993.447551.png,2993447551012,depth_0/2993.447551.png
2993484414101,rgb_0/2993.484414.png,2993484414101,depth_0/2993.484414.png
2993521277428,rgb_0/2993.521277.png,2993521277428,depth_0/2993.521277.png
2993558140993,rgb_0/2993.558140.png,2993558140993,depth_0/2993.558140.png
2993595004320,rgb_0/2993.595004.png,2993595004320,depth_0/2993.595004.png
2993631867647,rgb_0/2993.631867.png,2993631867647,depth_0/2993.631867.png
2993668730974,rgb_0/2993.668730.png,2993668730974,depth_0/2993.668730.png
2993705594301,rgb_0/2993.705594.png,2993705594301,depth_0/2993.705594.png
2993742457628,rgb_0/2993.742457.png,2993742457628,depth_0/2993.742457.png
2993779320955,rgb_0/2993.779320.png,2993779320955,depth_0/2993.779320.png
2993816184282,rgb_0/2993.816184.png,2993816184282,depth_0/2993.816184.png
2993853047848,rgb_0/2993.853047.png,2993853047848,depth_0/2993.853047.png
2993889911175,rgb_0/2993.889911.png,2993889911175,depth_0/2993.889911.png
2993926774263,rgb_0/2993.926774.png,2993926774263,depth_0/2993.926774.png
2993963637590,rgb_0/2993.963637.png,2993963637590,depth_0/2993.963637.png
2994000501156,rgb_0/2994.000501.png,2994000501156,depth_0/2994.000501.png
2994037364483,rgb_0/2994.037364.png,2994037364483,depth_0/2994.037364.png
2994074227810,rgb_0/2994.074227.png,2994074227810,depth_0/2994.074227.png
2994111090899,rgb_0/2994.111090.png,2994111090899,depth_0/2994.111090.png
2994147954464,rgb_0/2994.147954.png,2994147954464,depth_0/2994.147954.png
2994184817791,rgb_0/2994.184817.png,2994184817791,depth_0/2994.184817.png
2994221681118,rgb_0/2994.221681.png,2994221681118,depth_0/2994.221681.png
2994258544445,rgb_0/2994.258544.png,2994258544445,depth_0/2994.258544.png
2994295408010,rgb_0/2994.295408.png,2994295408010,depth_0/2994.295408.png
2994332271099,rgb_0/2994.332271.png,2994332271099,depth_0/2994.332271.png
2994369134426,rgb_0/2994.369134.png,2994369134426,depth_0/2994.369134.png
2994405997753,rgb_0/2994.405997.png,2994405997753,depth_0/2994.405997.png
2994442861319,rgb_0/2994.442861.png,2994442861319,depth_0/2994.442861.png
2994479724646,rgb_0/2994.479724.png,2994479724646,depth_0/2994.479724.png
2994516587734,rgb_0/2994.516587.png,2994516587734,depth_0/2994.516587.png
2994553451061,rgb_0/2994.553451.png,2994553451061,depth_0/2994.553451.png
2994590314388,rgb_0/2994.590314.png,2994590314388,depth_0/2994.590314.png
2994627177954,rgb_0/2994.627177.png,2994627177954,depth_0/2994.627177.png
2994664041281,rgb_0/2994.664041.png,2994664041281,depth_0/2994.664041.png
2994700904608,rgb_0/2994.700904.png,2994700904608,depth_0/2994.700904.png
2994737767696,rgb_0/2994.737767.png,2994737767696,depth_0/2994.737767.png
2994774631262,rgb_0/2994.774631.png,2994774631262,depth_0/2994.774631.png
2994811494589,rgb_0/2994.811494.png,2994811494589,depth_0/2994.811494.png
2994848357916,rgb_0/2994.848357.png,2994848357916,depth_0/2994.848357.png
2994885221243,rgb_0/2994.885221.png,2994885221243,depth_0/2994.885221.png
2994922084808,rgb_0/2994.922084.png,2994922084808,depth_0/2994.922084.png
2994958947897,rgb_0/2994.958947.png,2994958947897,depth_0/2994.958947.png
2994995811224,rgb_0/2994.995811.png,2994995811224,depth_0/2994.995811.png
2995032674551,rgb_0/2995.032674.png,2995032674551,depth_0/2995.032674.png
2995069538116,rgb_0/2995.069538.png,2995069538116,depth_0/2995.069538.png
2995106401443,rgb_0/2995.106401.png,2995106401443,depth_0/2995.106401.png
2995143264532,rgb_0/2995.143264.png,2995143264532,depth_0/2995.143264.png
2995180127859,rgb_0/2995.180127.png,2995180127859,depth_0/2995.180127.png
2995216991425,rgb_0/2995.216991.png,2995216991425,depth_0/2995.216991.png
2995253854752,rgb_0/2995.253854.png,2995253854752,depth_0/2995.253854.png
2995290718079,rgb_0/2995.290718.png,2995290718079,depth_0/2995.290718.png
2995327581406,rgb_0/2995.327581.png,2995327581406,depth_0/2995.327581.png
2995364444733,rgb_0/2995.364444.png,2995364444733,depth_0/2995.364444.png
2995401308060,rgb_0/2995.401308.png,2995401308060,depth_0/2995.401308.png
2995438171387,rgb_0/2995.438171.png,2995438171387,depth_0/2995.438171.png
2995475034714,rgb_0/2995.475034.png,2995475034714,depth_0/2995.475034.png
2995511898279,rgb_0/2995.511898.png,2995511898279,depth_0/2995.511898.png
2995548761606,rgb_0/2995.548761.png,2995548761606,depth_0/2995.548761.png
2995585624695,rgb_0/2995.585624.png,2995585624695,depth_0/2995.585624.png
2995622488022,rgb_0/2995.622488.png,2995622488022,depth_0/2995.622488.png
2995659351587,rgb_0/2995.659351.png,2995659351587,depth_0/2995.659351.png
2995696214914,rgb_0/2995.696214.png,2995696214914,depth_0/2995.696214.png
2995733078241,rgb_0/2995.733078.png,2995733078241,depth_0/2995.733078.png
2995769941330,rgb_0/2995.769941.png,2995769941330,depth_0/2995.769941.png
2995806804895,rgb_0/2995.806804.png,2995806804895,depth_0/2995.806804.png
2995843668222,rgb_0/2995.843668.png,2995843668222,depth_0/2995.843668.png
2995880531549,rgb_0/2995.880531.png,2995880531549,depth_0/2995.880531.png
2995917394876,rgb_0/2995.917394.png,2995917394876,depth_0/2995.917394.png
2995954258442,rgb_0/2995.954258.png,2995954258442,depth_0/2995.954258.png
2995991121531,rgb_0/2995.991121.png,2995991121531,depth_0/2995.991121.png
2996027984858,rgb_0/2996.027984.png,2996027984858,depth_0/2996.027984.png
2996064848185,rgb_0/2996.064848.png,2996064848185,depth_0/2996.064848.png
2996101711750,rgb_0/2996.101711.png,2996101711750,depth_0/2996.101711.png
2996138575077,rgb_0/2996.138575.png,2996138575077,depth_0/2996.138575.png
2996175438404,rgb_0/2996.175438.png,2996175438404,depth_0/2996.175438.png
2996212301493,rgb_0/2996.212301.png,2996212301493,depth_0/2996.212301.png
2996249165058,rgb_0/2996.249165.png,2996249165058,depth_0/2996.249165.png
2996286028385,rgb_0/2996.286028.png,2996286028385,depth_0/2996.286028.png
2996322891712,rgb_0/2996.322891.png,2996322891712,depth_0/2996.322891.png
2996359755039,rgb_0/2996.359755.png,2996359755039,depth_0/2996.359755.png
2996396618366,rgb_0/2996.396618.png,2996396618366,depth_0/2996.396618.png
2996433481693,rgb_0/2996.433481.png,2996433481693,depth_0/2996.433481.png
2996470345020,rgb_0/2996.470345.png,2996470345020,depth_0/2996.470345.png
2996507208347,rgb_0/2996.507208.png,2996507208347,depth_0/2996.507208.png
2996544071913,rgb_0/2996.544071.png,2996544071913,depth_0/2996.544071.png
2996580935240,rgb_0/2996.580935.png,2996580935240,depth_0/2996.580935.png
2996617798328,rgb_0/2996.617798.png,2996617798328,depth_0/2996.617798.png
2996654661655,rgb_0/2996.654661.png,2996654661655,depth_0/2996.654661.png
2996691525221,rgb_0/2996.691525.png,2996691525221,depth_0/2996.691525.png
2996728388548,rgb_0/2996.728388.png,2996728388548,depth_0/2996.728388.png
2996765251875,rgb_0/2996.765251.png,2996765251875,depth_0/2996.765251.png
2996802114964,rgb_0/2996.802114.png,2996802114964,depth_0/2996.802114.png
2996838978529,rgb_0/2996.838978.png,2996838978529,depth_0/2996.838978.png
2996875841856,rgb_0/2996.875841.png,2996875841856,depth_0/2996.875841.png
2996912705183,rgb_0/2996.912705.png,2996912705183,depth_0/2996.912705.png
2996949568510,rgb_0/2996.949568.png,2996949568510,depth_0/2996.949568.png
2996986432076,rgb_0/2996.986432.png,2996986432076,depth_0/2996.986432.png
2997023295164,rgb_0/2997.023295.png,2997023295164,depth_0/2997.023295.png
2997060158491,rgb_0/2997.060158.png,2997060158491,depth_0/2997.060158.png
2997097021818,rgb_0/2997.097021.png,2997097021818,depth_0/2997.097021.png
2997133885384,rgb_0/2997.133885.png,2997133885384,depth_0/2997.133885.png
2997170748711,rgb_0/2997.170748.png,2997170748711,depth_0/2997.170748.png
2997207612038,rgb_0/2997.207612.png,2997207612038,depth_0/2997.207612.png
2997244475126,rgb_0/2997.244475.png,2997244475126,depth_0/2997.244475.png
2997281338453,rgb_0/2997.281338.png,2997281338453,depth_0/2997.281338.png
2997318202019,rgb_0/2997.318202.png,2997318202019,depth_0/2997.318202.png
2997355065346,rgb_0/2997.355065.png,2997355065346,depth_0/2997.355065.png
2997391928673,rgb_0/2997.391928.png,2997391928673,depth_0/2997.391928.png
2997428791761,rgb_0/2997.428791.png,2997428791761,depth_0/2997.428791.png
2997465655327,rgb_0/2997.465655.png,2997465655327,depth_0/2997.465655.png
2997502518654,rgb_0/2997.502518.png,2997502518654,depth_0/2997.502518.png
2997539381981,rgb_0/2997.539381.png,2997539381981,depth_0/2997.539381.png
2997576245308,rgb_0/2997.576245.png,2997576245308,depth_0/2997.576245.png
2997613108873,rgb_0/2997.613108.png,2997613108873,depth_0/2997.613108.png
2997649971962,rgb_0/2997.649971.png,2997649971962,depth_0/2997.649971.png
2997686835289,rgb_0/2997.686835.png,2997686835289,depth_0/2997.686835.png
2997723698616,rgb_0/2997.723698.png,2997723698616,depth_0/2997.723698.png
2997760562181,rgb_0/2997.760562.png,2997760562181,depth_0/2997.760562.png
2997797425508,rgb_0/2997.797425.png,2997797425508,depth_0/2997.797425.png
2997834288836,rgb_0/2997.834288.png,2997834288836,depth_0/2997.834288.png
2997871151924,rgb_0/2997.871151.png,2997871151924,depth_0/2997.871151.png
2997908015490,rgb_0/2997.908015.png,2997908015490,depth_0/2997.908015.png
2997944878817,rgb_0/2997.944878.png,2997944878817,depth_0/2997.944878.png
2997981742144,rgb_0/2997.981742.png,2997981742144,depth_0/2997.981742.png
2998018605471,rgb_0/2998.018605.png,2998018605471,depth_0/2998.018605.png
2998055468798,rgb_0/2998.055468.png,2998055468798,depth_0/2998.055468.png
2998092332125,rgb_0/2998.092332.png,2998092332125,depth_0/2998.092332.png
2998129195452,rgb_0/2998.129195.png,2998129195452,depth_0/2998.129195.png
2998166058779,rgb_0/2998.166058.png,2998166058779,depth_0/2998.166058.png
2998202922344,rgb_0/2998.202922.png,2998202922344,depth_0/2998.202922.png
2998239785671,rgb_0/2998.239785.png,2998239785671,depth_0/2998.239785.png
2998276648760,rgb_0/2998.276648.png,2998276648760,depth_0/2998.276648.png
2998313512087,rgb_0/2998.313512.png,2998313512087,depth_0/2998.313512.png
2998350375652,rgb_0/2998.350375.png,2998350375652,depth_0/2998.350375.png
2998387238979,rgb_0/2998.387238.png,2998387238979,depth_0/2998.387238.png
2998424102306,rgb_0/2998.424102.png,2998424102306,depth_0/2998.424102.png
2998460965633,rgb_0/2998.460965.png,2998460965633,depth_0/2998.460965.png
2998497828960,rgb_0/2998.497828.png,2998497828960,depth_0/2998.497828.png
2998534692287,rgb_0/2998.534692.png,2998534692287,depth_0/2998.534692.png
2998571555614,rgb_0/2998.571555.png,2998571555614,depth_0/2998.571555.png
2998608418941,rgb_0/2998.608418.png,2998608418941,depth_0/2998.608418.png
2998645282507,rgb_0/2998.645282.png,2998645282507,depth_0/2998.645282.png
2998682145596,rgb_0/2998.682145.png,2998682145596,depth_0/2998.682145.png
2998719008923,rgb_0/2998.719008.png,2998719008923,depth_0/2998.719008.png
2998755872250,rgb_0/2998.755872.png,2998755872250,depth_0/2998.755872.png
2998792735815,rgb_0/2998.792735.png,2998792735815,depth_0/2998.792735.png
2998829599142,rgb_0/2998.829599.png,2998829599142,depth_0/2998.829599.png
2998866462469,rgb_0/2998.866462.png,2998866462469,depth_0/2998.866462.png
2998903325558,rgb_0/2998.903325.png,2998903325558,depth_0/2998.903325.png
2998940189123,rgb_0/2998.940189.png,2998940189123,depth_0/2998.940189.png
2998977052450,rgb_0/2998.977052.png,2998977052450,depth_0/2998.977052.png
2999013915777,rgb_0/2999.013915.png,2999013915777,depth_0/2999.013915.png
2999050779104,rgb_0/2999.050779.png,2999050779104,depth_0/2999.050779.png
2999087642431,rgb_0/2999.087642.png,2999087642431,depth_0/2999.087642.png
2999124505758,rgb_0/2999.124505.png,2999124505758,depth_0/2999.124505.png
2999161369085,rgb_0/2999.161369.png,2999161369085,depth_0/2999.161369.png
2999198232412,rgb_0/2999.198232.png,2999198232412,depth_0/2999.198232.png
2999235095978,rgb_0/2999.235095.png,2999235095978,depth_0/2999.235095.png
2999271959305,rgb_0/2999.271959.png,2999271959305,depth_0/2999.271959.png
2999308822393,rgb_0/2999.308822.png,2999308822393,depth_0/2999.308822.png
2999345685720,rgb_0/2999.345685.png,2999345685720,depth_0/2999.345685.png
2999382549286,rgb_0/2999.382549.png,2999382549286,depth_0/2999.382549.png
2999419412613,rgb_0/2999.419412.png,2999419412613,depth_0/2999.419412.png
2999456275940,rgb_0/2999.456275.png,2999456275940,depth_0/2999.456275.png
2999493139267,rgb_0/2999.493139.png,2999493139267,depth_0/2999.493139.png
2999530002594,rgb_0/2999.530002.png,2999530002594,depth_0/2999.530002.png
2999566865921,rgb_0/2999.566865.png,2999566865921,depth_0/2999.566865.png
2999603729248,rgb_0/2999.603729.png,2999603729248,depth_0/2999.603729.png
2999640592575,rgb_0/2999.640592.png,2999640592575,depth_0/2999.640592.png
2999677456141,rgb_0/2999.677456.png,2999677456141,depth_0/2999.677456.png
2999714319229,rgb_0/2999.714319.png,2999714319229,depth_0/2999.714319.png
2999751182556,rgb_0/2999.751182.png,2999751182556,depth_0/2999.751182.png
2999788045883,rgb_0/2999.788045.png,2999788045883,depth_0/2999.788045.png
2999824909449,rgb_0/2999.824909.png,2999824909449,depth_0/2999.824909.png
2999861772776,rgb_0/2999.861772.png,2999861772776,depth_0/2999.861772.png
2999898636103,rgb_0/2999.898636.png,2999898636103,depth_0/2999.898636.png
2999935499191,rgb_0/2999.935499.png,2999935499191,depth_0/2999.935499.png
2999972362757,rgb_0/2999.972362.png,2999972362757,depth_0/2999.972362.png
3000009226084,rgb_0/3000.009226.png,3000009226084,depth_0/3000.009226.png
3000046089411,rgb_0/3000.046089.png,3000046089411,depth_0/3000.046089.png
3000082952738,rgb_0/3000.082952.png,3000082952738,depth_0/3000.082952.png
3000119816065,rgb_0/3000.119816.png,3000119816065,depth_0/3000.119816.png
3000156679392,rgb_0/3000.156679.png,3000156679392,depth_0/3000.156679.png
3000193542719,rgb_0/3000.193542.png,3000193542719,depth_0/3000.193542.png
3000230406046,rgb_0/3000.230406.png,3000230406046,depth_0/3000.230406.png
3000267269373,rgb_0/3000.267269.png,3000267269373,depth_0/3000.267269.png
3000304132938,rgb_0/3000.304132.png,3000304132938,depth_0/3000.304132.png
3000340996027,rgb_0/3000.340996.png,3000340996027,depth_0/3000.340996.png
3000377859354,rgb_0/3000.377859.png,3000377859354,depth_0/3000.377859.png
3000414722681,rgb_0/3000.414722.png,3000414722681,depth_0/3000.414722.png
3000451586246,rgb_0/3000.451586.png,3000451586246,depth_0/3000.451586.png
3000488449574,rgb_0/3000.488449.png,3000488449574,depth_0/3000.488449.png
3000525312901,rgb_0/3000.525312.png,3000525312901,depth_0/3000.525312.png
3000562175989,rgb_0/3000.562175.png,3000562175989,depth_0/3000.562175.png
3000599039555,rgb_0/3000.599039.png,3000599039555,depth_0/3000.599039.png
3000635902882,rgb_0/3000.635902.png,3000635902882,depth_0/3000.635902.png
3000672766209,rgb_0/3000.672766.png,3000672766209,depth_0/3000.672766.png
3000709629536,rgb_0/3000.709629.png,3000709629536,depth_0/3000.709629.png
3000746493101,rgb_0/3000.746493.png,3000746493101,depth_0/3000.746493.png
3000783356190,rgb_0/3000.783356.png,3000783356190,depth_0/3000.783356.png
3000820219517,rgb_0/3000.820219.png,3000820219517,depth_0/3000.820219.png
3000857082844,rgb_0/3000.857082.png,3000857082844,depth_0/3000.857082.png
3000893946409,rgb_0/3000.893946.png,3000893946409,depth_0/3000.893946.png
3000930809736,rgb_0/3000.930809.png,3000930809736,depth_0/3000.930809.png
3000967672825,rgb_0/3000.967672.png,3000967672825,depth_0/3000.967672.png
3001004536152,rgb_0/3001.004536.png,3001004536152,depth_0/3001.004536.png
3001041399717,rgb_0/3001.041399.png,3001041399717,depth_0/3001.041399.png
3001078263044,rgb_0/3001.078263.png,3001078263044,depth_0/3001.078263.png
3001115126371,rgb_0/3001.115126.png,3001115126371,depth_0/3001.115126.png
3001151989698,rgb_0/3001.151989.png,3001151989698,depth_0/3001.151989.png
3001188853025,rgb_0/3001.188853.png,3001188853025,depth_0/3001.188853.png
3001225716352,rgb_0/3001.225716.png,3001225716352,depth_0/3001.225716.png
3001262579679,rgb_0/3001.262579.png,3001262579679,depth_0/3001.262579.png
3001299443007,rgb_0/3001.299443.png,3001299443007,depth_0/3001.299443.png
3001336306572,rgb_0/3001.336306.png,3001336306572,depth_0/3001.336306.png
3001373169899,rgb_0/3001.373169.png,3001373169899,depth_0/3001.373169.png
3001410032988,rgb_0/3001.410032.png,3001410032988,depth_0/3001.410032.png
3001446896315,rgb_0/3001.446896.png,3001446896315,depth_0/3001.446896.png
3001483759880,rgb_0/3001.483759.png,3001483759880,depth_0/3001.483759.png
3001520623207,rgb_0/3001.520623.png,3001520623207,depth_0/3001.520623.png
3001557486534,rgb_0/3001.557486.png,3001557486534,depth_0/3001.557486.png
3001594349623,rgb_0/3001.594349.png,3001594349623,depth_0/3001.594349.png
3001631213188,rgb_0/3001.631213.png,3001631213188,depth_0/3001.631213.png
3001668076515,rgb_0/3001.668076.png,3001668076515,depth_0/3001.668076.png
3001704939842,rgb_0/3001.704939.png,3001704939842,depth_0/3001.704939.png
3001741803169,rgb_0/3001.741803.png,3001741803169,depth_0/3001.741803.png
3001778666735,rgb_0/3001.778666.png,3001778666735,depth_0/3001.778666.png
3001815529823,rgb_0/3001.815529.png,3001815529823,depth_0/3001.815529.png
3001852393150,rgb_0/3001.852393.png,3001852393150,depth_0/3001.852393.png
3001889256477,rgb_0/3001.889256.png,3001889256477,depth_0/3001.889256.png
3001926120043,rgb_0/3001.926120.png,3001926120043,depth_0/3001.926120.png
3001962983370,rgb_0/3001.962983.png,3001962983370,depth_0/3001.962983.png
3001999846458,rgb_0/3001.999846.png,3001999846458,depth_0/3001.999846.png
3002036709785,rgb_0/3002.036709.png,3002036709785,depth_0/3002.036709.png
3002073573351,rgb_0/3002.073573.png,3002073573351,depth_0/3002.073573.png
3002110436678,rgb_0/3002.110436.png,3002110436678,depth_0/3002.110436.png
3002147300005,rgb_0/3002.147300.png,3002147300005,depth_0/3002.147300.png
3002184163332,rgb_0/3002.184163.png,3002184163332,depth_0/3002.184163.png
3002221026659,rgb_0/3002.221026.png,3002221026659,depth_0/3002.221026.png
3002257889986,rgb_0/3002.257889.png,3002257889986,depth_0/3002.257889.png
3002294753313,rgb_0/3002.294753.png,3002294753313,depth_0/3002.294753.png
3002331616640,rgb_0/3002.331616.png,3002331616640,depth_0/3002.331616.png
3002368480206,rgb_0/3002.368480.png,3002368480206,depth_0/3002.368480.png
3002405343533,rgb_0/3002.405343.png,3002405343533,depth_0/3002.405343.png
3002442206621,rgb_0/3002.442206.png,3002442206621,depth_0/3002.442206.png
3002479069948,rgb_0/3002.479069.png,3002479069948,depth_0/3002.479069.png
3002515933514,rgb_0/3002.515933.png,3002515933514,depth_0/3002.515933.png
3002552796841,rgb_0/3002.552796.png,3002552796841,depth_0/3002.552796.png
3002589660168,rgb_0/3002.589660.png,3002589660168,depth_0/3002.589660.png
3002626523256,rgb_0/3002.626523.png,3002626523256,depth_0/3002.626523.png
3002663386822,rgb_0/3002.663386.png,3002663386822,depth_0/3002.663386.png
3002700250149,rgb_0/3002.700250.png,3002700250149,depth_0/3002.700250.png
3002737113476,rgb_0/3002.737113.png,3002737113476,depth_0/3002.737113.png
3002773976803,rgb_0/3002.773976.png,3002773976803,depth_0/3002.773976.png
3002810840130,rgb_0/3002.810840.png,3002810840130,depth_0/3002.810840.png
3002847703457,rgb_0/3002.847703.png,3002847703457,depth_0/3002.847703.png
3002884566784,rgb_0/3002.884566.png,3002884566784,depth_0/3002.884566.png
3002921430111,rgb_0/3002.921430.png,3002921430111,depth_0/3002.921430.png
3002958293438,rgb_0/3002.958293.png,3002958293438,depth_0/3002.958293.png
3002995157003,rgb_0/3002.995157.png,3002995157003,depth_0/3002.995157.png
3003032020330,rgb_0/3003.032020.png,3003032020330,depth_0/3003.032020.png
3003068883419,rgb_0/3003.068883.png,3003068883419,depth_0/3003.068883.png
3003105746746,rgb_0/3003.105746.png,3003105746746,depth_0/3003.105746.png
3003142610312,rgb_0/3003.142610.png,3003142610312,depth_0/3003.142610.png
3003179473639,rgb_0/3003.179473.png,3003179473639,depth_0/3003.179473.png
3003216336966,rgb_0/3003.216336.png,3003216336966,depth_0/3003.216336.png
3003253200054,rgb_0/3003.253200.png,3003253200054,depth_0/3003.253200.png
3003290063620,rgb_0/3003.290063.png,3003290063620,depth_0/3003.290063.png
3003326926947,rgb_0/3003.326926.png,3003326926947,depth_0/3003.326926.png
3003363790274,rgb_0/3003.363790.png,3003363790274,depth_0/3003.363790.png
3003400653601,rgb_0/3003.400653.png,3003400653601,depth_0/3003.400653.png
3003437517166,rgb_0/3003.437517.png,3003437517166,depth_0/3003.437517.png
3003474380255,rgb_0/3003.474380.png,3003474380255,depth_0/3003.474380.png
3003511243582,rgb_0/3003.511243.png,3003511243582,depth_0/3003.511243.png
3003548106909,rgb_0/3003.548106.png,3003548106909,depth_0/3003.548106.png
3003584970474,rgb_0/3003.584970.png,3003584970474,depth_0/3003.584970.png
3003621833801,rgb_0/3003.621833.png,3003621833801,depth_0/3003.621833.png
3003658697128,rgb_0/3003.658697.png,3003658697128,depth_0/3003.658697.png
3003695560217,rgb_0/3003.695560.png,3003695560217,depth_0/3003.695560.png
3003732423782,rgb_0/3003.732423.png,3003732423782,depth_0/3003.732423.png
3003769287109,rgb_0/3003.769287.png,3003769287109,depth_0/3003.769287.png
3003806150436,rgb_0/3003.806150.png,3003806150436,depth_0/3003.806150.png
3003843013763,rgb_0/3003.843013.png,3003843013763,depth_0/3003.843013.png
3003879877090,rgb_0/3003.879877.png,3003879877090,depth_0/3003.879877.png
3003916740417,rgb_0/3003.916740.png,3003916740417,depth_0/3003.916740.png
3003953603745,rgb_0/3003.953603.png,3003953603745,depth_0/3003.953603.png
3003990467072,rgb_0/3003.990467.png,3003990467072,depth_0/3003.990467.png
3004027330637,rgb_0/3004.027330.png,3004027330637,depth_0/3004.027330.png
3004064193964,rgb_0/3004.064193.png,3004064193964,depth_0/3004.064193.png
3004101057053,rgb_0/3004.101057.png,3004101057053,depth_0/3004.101057.png
3004137920380,rgb_0/3004.137920.png,3004137920380,depth_0/3004.137920.png
3004174783945,rgb_0/3004.174783.png,3004174783945,depth_0/3004.174783.png
3004211647272,rgb_0/3004.211647.png,3004211647272,depth_0/3004.211647.png
3004248510599,rgb_0/3004.248510.png,3004248510599,depth_0/3004.248510.png
3004285373688,rgb_0/3004.285373.png,3004285373688,depth_0/3004.285373.png
3004322237253,rgb_0/3004.322237.png,3004322237253,depth_0/3004.322237.png
3004359100580,rgb_0/3004.359100.png,3004359100580,depth_0/3004.359100.png
3004395963907,rgb_0/3004.395963.png,3004395963907,depth_0/3004.395963.png
3004432827234,rgb_0/3004.432827.png,3004432827234,depth_0/3004.432827.png
3004469690800,rgb_0/3004.469690.png,3004469690800,depth_0/3004.469690.png
3004506553888,rgb_0/3004.506553.png,3004506553888,depth_0/3004.506553.png
3004543417215,rgb_0/3004.543417.png,3004543417215,depth_0/3004.543417.png
3004580280542,rgb_0/3004.580280.png,3004580280542,depth_0/3004.580280.png
3004617144108,rgb_0/3004.617144.png,3004617144108,depth_0/3004.617144.png
3004654007435,rgb_0/3004.654007.png,3004654007435,depth_0/3004.654007.png
3004690870762,rgb_0/3004.690870.png,3004690870762,depth_0/3004.690870.png
3004727733850,rgb_0/3004.727733.png,3004727733850,depth_0/3004.727733.png
3004764597416,rgb_0/3004.764597.png,3004764597416,depth_0/3004.764597.png
3004801460743,rgb_0/3004.801460.png,3004801460743,depth_0/3004.801460.png
3004838324070,rgb_0/3004.838324.png,3004838324070,depth_0/3004.838324.png
3004875187397,rgb_0/3004.875187.png,3004875187397,depth_0/3004.875187.png
3004912050724,rgb_0/3004.912050.png,3004912050724,depth_0/3004.912050.png
3004948914051,rgb_0/3004.948914.png,3004948914051,depth_0/3004.948914.png
3004985777378,rgb_0/3004.985777.png,3004985777378,depth_0/3004.985777.png
3005022640705,rgb_0/3005.022640.png,3005022640705,depth_0/3005.022640.png
3005059504271,rgb_0/3005.059504.png,3005059504271,depth_0/3005.059504.png
3005096367598,rgb_0/3005.096367.png,3005096367598,depth_0/3005.096367.png
3005133230686,rgb_0/3005.133230.png,3005133230686,depth_0/3005.133230.png
3005170094013,rgb_0/3005.170094.png,3005170094013,depth_0/3005.170094.png
3005206957579,rgb_0/3005.206957.png,3005206957579,depth_0/3005.206957.png
3005243820906,rgb_0/3005.243820.png,3005243820906,depth_0/3005.243820.png
3005280684233,rgb_0/3005.280684.png,3005280684233,depth_0/3005.280684.png
3005317547560,rgb_0/3005.317547.png,3005317547560,depth_0/3005.317547.png
3005354410887,rgb_0/3005.354410.png,3005354410887,depth_0/3005.354410.png
3005391274214,rgb_0/3005.391274.png,3005391274214,depth_0/3005.391274.png
3005428137541,rgb_0/3005.428137.png,3005428137541,depth_0/3005.428137.png
3005465000868,rgb_0/3005.465000.png,3005465000868,depth_0/3005.465000.png
3005501864195,rgb_0/3005.501864.png,3005501864195,depth_0/3005.501864.png
3005538727522,rgb_0/3005.538727.png,3005538727522,depth_0/3005.538727.png
3005575590849,rgb_0/3005.575590.png,3005575590849,depth_0/3005.575590.png
3005612454176,rgb_0/3005.612454.png,3005612454176,depth_0/3005.612454.png
3005649317503,rgb_0/3005.649317.png,3005649317503,depth_0/3005.649317.png
3005686181068,rgb_0/3005.686181.png,3005686181068,depth_0/3005.686181.png
3005723044395,rgb_0/3005.723044.png,3005723044395,depth_0/3005.723044.png
3005759907484,rgb_0/3005.759907.png,3005759907484,depth_0/3005.759907.png
3005796770811,rgb_0/3005.796770.png,3005796770811,depth_0/3005.796770.png
3005833634377,rgb_0/3005.833634.png,3005833634377,depth_0/3005.833634.png
3005870497704,rgb_0/3005.870497.png,3005870497704,depth_0/3005.870497.png
3005907361031,rgb_0/3005.907361.png,3005907361031,depth_0/3005.907361.png
3005944224358,rgb_0/3005.944224.png,3005944224358,depth_0/3005.944224.png
3005981087685,rgb_0/3005.981087.png,3005981087685,depth_0/3005.981087.png
3006017951012,rgb_0/3006.017951.png,3006017951012,depth_0/3006.017951.png
3006054814339,rgb_0/3006.054814.png,3006054814339,depth_0/3006.054814.png
3006091677666,rgb_0/3006.091677.png,3006091677666,depth_0/3006.091677.png
3006128541231,rgb_0/3006.128541.png,3006128541231,depth_0/3006.128541.png
3006165404320,rgb_0/3006.165404.png,3006165404320,depth_0/3006.165404.png
3006202267647,rgb_0/3006.202267.png,3006202267647,depth_0/3006.202267.png
3006239130974,rgb_0/3006.239130.png,3006239130974,depth_0/3006.239130.png
3006275994539,rgb_0/3006.275994.png,3006275994539,depth_0/3006.275994.png
3006312857866,rgb_0/3006.312857.png,3006312857866,depth_0/3006.312857.png
3006349721193,rgb_0/3006.349721.png,3006349721193,depth_0/3006.349721.png
3006386584282,rgb_0/3006.386584.png,3006386584282,depth_0/3006.386584.png
3006423447847,rgb_0/3006.423447.png,3006423447847,depth_0/3006.423447.png
3006460311174,rgb_0/3006.460311.png,3006460311174,depth_0/3006.460311.png
3006497174501,rgb_0/3006.497174.png,3006497174501,depth_0/3006.497174.png
3006534037828,rgb_0/3006.534037.png,3006534037828,depth_0/3006.534037.png
3006570901155,rgb_0/3006.570901.png,3006570901155,depth_0/3006.570901.png
3006607764482,rgb_0/3006.607764.png,3006607764482,depth_0/3006.607764.png
3006644627810,rgb_0/3006.644627.png,3006644627810,depth_0/3006.644627.png
3006681491137,rgb_0/3006.681491.png,3006681491137,depth_0/3006.681491.png
3006718354702,rgb_0/3006.718354.png,3006718354702,depth_0/3006.718354.png
3006755218029,rgb_0/3006.755218.png,3006755218029,depth_0/3006.755218.png
3006792081118,rgb_0/3006.792081.png,3006792081118,depth_0/3006.792081.png
3006828944445,rgb_0/3006.828944.png,3006828944445,depth_0/3006.828944.png
3006865808010,rgb_0/3006.865808.png,3006865808010,depth_0/3006.865808.png
3006902671337,rgb_0/3006.902671.png,3006902671337,depth_0/3006.902671.png
3006939534664,rgb_0/3006.939534.png,3006939534664,depth_0/3006.939534.png
3006976397991,rgb_0/3006.976397.png,3006976397991,depth_0/3006.976397.png
3007013261318,rgb_0/3007.013261.png,3007013261318,depth_0/3007.013261.png
3007050124645,rgb_0/3007.050124.png,3007050124645,depth_0/3007.050124.png
3007086987972,rgb_0/3007.086987.png,3007086987972,depth_0/3007.086987.png
3007123851299,rgb_0/3007.123851.png,3007123851299,depth_0/3007.123851.png
3007160714865,rgb_0/3007.160714.png,3007160714865,depth_0/3007.160714.png
3007197577953,rgb_0/3007.197577.png,3007197577953,depth_0/3007.197577.png
3007234441280,rgb_0/3007.234441.png,3007234441280,depth_0/3007.234441.png
3007271304607,rgb_0/3007.271304.png,3007271304607,depth_0/3007.271304.png
3007308168173,rgb_0/3007.308168.png,3007308168173,depth_0/3007.308168.png
3007345031500,rgb_0/3007.345031.png,3007345031500,depth_0/3007.345031.png
3007381894827,rgb_0/3007.381894.png,3007381894827,depth_0/3007.381894.png
3007418757915,rgb_0/3007.418757.png,3007418757915,depth_0/3007.418757.png
3007455621481,rgb_0/3007.455621.png,3007455621481,depth_0/3007.455621.png
3007492484808,rgb_0/3007.492484.png,3007492484808,depth_0/3007.492484.png
3007529348135,rgb_0/3007.529348.png,3007529348135,depth_0/3007.529348.png
3007566211462,rgb_0/3007.566211.png,3007566211462,depth_0/3007.566211.png
3007603075027,rgb_0/3007.603075.png,3007603075027,depth_0/3007.603075.png
3007639938116,rgb_0/3007.639938.png,3007639938116,depth_0/3007.639938.png
3007676801443,rgb_0/3007.676801.png,3007676801443,depth_0/3007.676801.png
3007713664770,rgb_0/3007.713664.png,3007713664770,depth_0/3007.713664.png
3007750528336,rgb_0/3007.750528.png,3007750528336,depth_0/3007.750528.png
3007787391663,rgb_0/3007.787391.png,3007787391663,depth_0/3007.787391.png
3007824254751,rgb_0/3007.824254.png,3007824254751,depth_0/3007.824254.png
3007861118078,rgb_0/3007.861118.png,3007861118078,depth_0/3007.861118.png
3007897981644,rgb_0/3007.897981.png,3007897981644,depth_0/3007.897981.png
3007934844971,rgb_0/3007.934844.png,3007934844971,depth_0/3007.934844.png
3007971708298,rgb_0/3007.971708.png,3007971708298,depth_0/3007.971708.png
3008008571625,rgb_0/3008.008571.png,3008008571625,depth_0/3008.008571.png
3008045434952,rgb_0/3008.045434.png,3008045434952,depth_0/3008.045434.png
3008082298279,rgb_0/3008.082298.png,3008082298279,depth_0/3008.082298.png
3008119161606,rgb_0/3008.119161.png,3008119161606,depth_0/3008.119161.png
3008156024933,rgb_0/3008.156024.png,3008156024933,depth_0/3008.156024.png
3008192888498,rgb_0/3008.192888.png,3008192888498,depth_0/3008.192888.png
3008229751825,rgb_0/3008.229751.png,3008229751825,depth_0/3008.229751.png
3008266614914,rgb_0/3008.266614.png,3008266614914,depth_0/3008.266614.png
3008303478241,rgb_0/3008.303478.png,3008303478241,depth_0/3008.303478.png
3008340341568,rgb_0/3008.340341.png,3008340341568,depth_0/3008.340341.png
3008377205133,rgb_0/3008.377205.png,3008377205133,depth_0/3008.377205.png
3008414068460,rgb_0/3008.414068.png,3008414068460,depth_0/3008.414068.png
3008450931549,rgb_0/3008.450931.png,3008450931549,depth_0/3008.450931.png
3008487794876,rgb_0/3008.487794.png,3008487794876,depth_0/3008.487794.png
3008524658442,rgb_0/3008.524658.png,3008524658442,depth_0/3008.524658.png
3008561521769,rgb_0/3008.561521.png,3008561521769,depth_0/3008.561521.png
3008598385096,rgb_0/3008.598385.png,3008598385096,depth_0/3008.598385.png
3008635248423,rgb_0/3008.635248.png,3008635248423,depth_0/3008.635248.png
3008672111750,rgb_0/3008.672111.png,3008672111750,depth_0/3008.672111.png
3008708975077,rgb_0/3008.708975.png,3008708975077,depth_0/3008.708975.png
3008745838404,rgb_0/3008.745838.png,3008745838404,depth_0/3008.745838.png
3008782701731,rgb_0/3008.782701.png,3008782701731,depth_0/3008.782701.png
3008819565296,rgb_0/3008.819565.png,3008819565296,depth_0/3008.819565.png
3008856428623,rgb_0/3008.856428.png,3008856428623,depth_0/3008.856428.png
3008893291712,rgb_0/3008.893291.png,3008893291712,depth_0/3008.893291.png
3008930155039,rgb_0/3008.930155.png,3008930155039,depth_0/3008.930155.png
3008967018604,rgb_0/3008.967018.png,3008967018604,depth_0/3008.967018.png
3009003881931,rgb_0/3009.003881.png,3009003881931,depth_0/3009.003881.png
3009040745258,rgb_0/3009.040745.png,3009040745258,depth_0/3009.040745.png
3009077608347,rgb_0/3009.077608.png,3009077608347,depth_0/3009.077608.png
3009114471912,rgb_0/3009.114471.png,3009114471912,depth_0/3009.114471.png
3009151335239,rgb_0/3009.151335.png,3009151335239,depth_0/3009.151335.png
3009188198566,rgb_0/3009.188198.png,3009188198566,depth_0/3009.188198.png
3009225061893,rgb_0/3009.225061.png,3009225061893,depth_0/3009.225061.png
3009261925459,rgb_0/3009.261925.png,3009261925459,depth_0/3009.261925.png
3009298788548,rgb_0/3009.298788.png,3009298788548,depth_0/3009.298788.png
3009335651875,rgb_0/3009.335651.png,3009335651875,depth_0/3009.335651.png
3009372515202,rgb_0/3009.372515.png,3009372515202,depth_0/3009.372515.png
3009409378767,rgb_0/3009.409378.png,3009409378767,depth_0/3009.409378.png
3009446242094,rgb_0/3009.446242.png,3009446242094,depth_0/3009.446242.png
3009483105183,rgb_0/3009.483105.png,3009483105183,depth_0/3009.483105.png
3009519968510,rgb_0/3009.519968.png,3009519968510,depth_0/3009.519968.png
3009556832075,rgb_0/3009.556832.png,3009556832075,depth_0/3009.556832.png
3009593695402,rgb_0/3009.593695.png,3009593695402,depth_0/3009.593695.png
3009630558729,rgb_0/3009.630558.png,3009630558729,depth_0/3009.630558.png
3009667422056,rgb_0/3009.667422.png,3009667422056,depth_0/3009.667422.png
3009704285383,rgb_0/3009.704285.png,3009704285383,depth_0/3009.704285.png
3009741148710,rgb_0/3009.741148.png,3009741148710,depth_0/3009.741148.png
3009778012037,rgb_0/3009.778012.png,3009778012037,depth_0/3009.778012.png
3009814875364,rgb_0/3009.814875.png,3009814875364,depth_0/3009.814875.png
3009851738930,rgb_0/3009.851738.png,3009851738930,depth_0/3009.851738.png
3009888602257,rgb_0/3009.888602.png,3009888602257,depth_0/3009.888602.png
3009925465345,rgb_0/3009.925465.png,3009925465345,depth_0/3009.925465.png
3009962328672,rgb_0/3009.962328.png,3009962328672,depth_0/3009.962328.png
3009999192238,rgb_0/3009.999192.png,3009999192238,depth_0/3009.999192.png
3010036055565,rgb_0/3010.036055.png,3010036055565,depth_0/3010.036055.png
3010072918892,rgb_0/3010.072918.png,3010072918892,depth_0/3010.072918.png
3010109781981,rgb_0/3010.109781.png,3010109781981,depth_0/3010.109781.png
3010146645546,rgb_0/3010.146645.png,3010146645546,depth_0/3010.146645.png
3010183508873,rgb_0/3010.183508.png,3010183508873,depth_0/3010.183508.png
3010220372200,rgb_0/3010.220372.png,3010220372200,depth_0/3010.220372.png
3010257235527,rgb_0/3010.257235.png,3010257235527,depth_0/3010.257235.png
3010294099092,rgb_0/3010.294099.png,3010294099092,depth_0/3010.294099.png
3010330962181,rgb_0/3010.330962.png,3010330962181,depth_0/3010.330962.png
3010367825508,rgb_0/3010.367825.png,3010367825508,depth_0/3010.367825.png
3010404688835,rgb_0/3010.404688.png,3010404688835,depth_0/3010.404688.png
3010441552401,rgb_0/3010.441552.png,3010441552401,depth_0/3010.441552.png
3010478415728,rgb_0/3010.478415.png,3010478415728,depth_0/3010.478415.png
3010515279055,rgb_0/3010.515279.png,3010515279055,depth_0/3010.515279.png
3010552142143,rgb_0/3010.552142.png,3010552142143,depth_0/3010.552142.png
3010589005709,rgb_0/3010.589005.png,3010589005709,depth_0/3010.589005.png
3010625869036,rgb_0/3010.625869.png,3010625869036,depth_0/3010.625869.png
3010662732363,rgb_0/3010.662732.png,3010662732363,depth_0/3010.662732.png
3010699595690,rgb_0/3010.699595.png,3010699595690,depth_0/3010.699595.png
3010736459017,rgb_0/3010.736459.png,3010736459017,depth_0/3010.736459.png
3010773322344,rgb_0/3010.773322.png,3010773322344,depth_0/3010.773322.png
3010810185671,rgb_0/3010.810185.png,3010810185671,depth_0/3010.810185.png
3010847048998,rgb_0/3010.847048.png,3010847048998,depth_0/3010.847048.png
3010883912563,rgb_0/3010.883912.png,3010883912563,depth_0/3010.883912.png
3010920775890,rgb_0/3010.920775.png,3010920775890,depth_0/3010.920775.png
3010957638979,rgb_0/3010.957638.png,3010957638979,depth_0/3010.957638.png
3010994502306,rgb_0/3010.994502.png,3010994502306,depth_0/3010.994502.png
3011031365633,rgb_0/3011.031365.png,3011031365633,depth_0/3011.031365.png
3011068229198,rgb_0/3011.068229.png,3011068229198,depth_0/3011.068229.png
3011105092525,rgb_0/3011.105092.png,3011105092525,depth_0/3011.105092.png
3011141955853,rgb_0/3011.141955.png,3011141955853,depth_0/3011.141955.png
3011178818941,rgb_0/3011.178818.png,3011178818941,depth_0/3011.178818.png
3011215682507,rgb_0/3011.215682.png,3011215682507,depth_0/3011.215682.png
3011252545834,rgb_0/3011.252545.png,3011252545834,depth_0/3011.252545.png
3011289409161,rgb_0/3011.289409.png,3011289409161,depth_0/3011.289409.png
3011326272488,rgb_0/3011.326272.png,3011326272488,depth_0/3011.326272.png
3011363135815,rgb_0/3011.363135.png,3011363135815,depth_0/3011.363135.png
3011399999142,rgb_0/3011.399999.png,3011399999142,depth_0/3011.399999.png
3011436862469,rgb_0/3011.436862.png,3011436862469,depth_0/3011.436862.png
3011473725796,rgb_0/3011.473725.png,3011473725796,depth_0/3011.473725.png
3011510589361,rgb_0/3011.510589.png,3011510589361,depth_0/3011.510589.png
3011547452688,rgb_0/3011.547452.png,3011547452688,depth_0/3011.547452.png
3011584315777,rgb_0/3011.584315.png,3011584315777,depth_0/3011.584315.png
3011621179104,rgb_0/3011.621179.png,3011621179104,depth_0/3011.621179.png
3011658042669,rgb_0/3011.658042.png,3011658042669,depth_0/3011.658042.png
3011694905996,rgb_0/3011.694905.png,3011694905996,depth_0/3011.694905.png
3011731769323,rgb_0/3011.731769.png,3011731769323,depth_0/3011.731769.png
3011768632412,rgb_0/3011.768632.png,3011768632412,depth_0/3011.768632.png
3011805495977,rgb_0/3011.805495.png,3011805495977,depth_0/3011.805495.png
3011842359304,rgb_0/3011.842359.png,3011842359304,depth_0/3011.842359.png
3011879222631,rgb_0/3011.879222.png,3011879222631,depth_0/3011.879222.png
3011916085958,rgb_0/3011.916085.png,3011916085958,depth_0/3011.916085.png
3011952949524,rgb_0/3011.952949.png,3011952949524,depth_0/3011.952949.png
3011989812613,rgb_0/3011.989812.png,3011989812613,depth_0/3011.989812.png
3012026675940,rgb_0/3012.026675.png,3012026675940,depth_0/3012.026675.png
3012063539267,rgb_0/3012.063539.png,3012063539267,depth_0/3012.063539.png
3012100402832,rgb_0/3012.100402.png,3012100402832,depth_0/3012.100402.png
3012137266159,rgb_0/3012.137266.png,3012137266159,depth_0/3012.137266.png
3012174129486,rgb_0/3012.174129.png,3012174129486,depth_0/3012.174129.png
3012210992575,rgb_0/3012.210992.png,3012210992575,depth_0/3012.210992.png
3012247856140,rgb_0/3012.247856.png,3012247856140,depth_0/3012.247856.png
3012284719467,rgb_0/3012.284719.png,3012284719467,depth_0/3012.284719.png
3012321582794,rgb_0/3012.321582.png,3012321582794,depth_0/3012.321582.png
3012358446121,rgb_0/3012.358446.png,3012358446121,depth_0/3012.358446.png
3012395309448,rgb_0/3012.395309.png,3012395309448,depth_0/3012.395309.png
3012432172775,rgb_0/3012.432172.png,3012432172775,depth_0/3012.432172.png
3012469036102,rgb_0/3012.469036.png,3012469036102,depth_0/3012.469036.png
3012505899429,rgb_0/3012.505899.png,3012505899429,depth_0/3012.505899.png
3012542762995,rgb_0/3012.542762.png,3012542762995,depth_0/3012.542762.png
3012579626322,rgb_0/3012.579626.png,3012579626322,depth_0/3012.579626.png
3012616489410,rgb_0/3012.616489.png,3012616489410,depth_0/3012.616489.png
3012653352737,rgb_0/3012.653352.png,3012653352737,depth_0/3012.653352.png
3012690216303,rgb_0/3012.690216.png,3012690216303,depth_0/3012.690216.png
3012727079630,rgb_0/3012.727079.png,3012727079630,depth_0/3012.727079.png
3012763942957,rgb_0/3012.763942.png,3012763942957,depth_0/3012.763942.png
3012800806284,rgb_0/3012.800806.png,3012800806284,depth_0/3012.800806.png
3012837669611,rgb_0/3012.837669.png,3012837669611,depth_0/3012.837669.png
3012874532938,rgb_0/3012.874532.png,3012874532938,depth_0/3012.874532.png
3012911396265,rgb_0/3012.911396.png,3012911396265,depth_0/3012.911396.png
3012948259592,rgb_0/3012.948259.png,3012948259592,depth_0/3012.948259.png
3012985123158,rgb_0/3012.985123.png,3012985123158,depth_0/3012.985123.png
3013021986246,rgb_0/3013.021986.png,3013021986246,depth_0/3013.021986.png
3013058849573,rgb_0/3013.058849.png,3013058849573,depth_0/3013.058849.png
3013095712900,rgb_0/3013.095712.png,3013095712900,depth_0/3013.095712.png
3013132576466,rgb_0/3013.132576.png,3013132576466,depth_0/3013.132576.png
3013169439793,rgb_0/3013.169439.png,3013169439793,depth_0/3013.169439.png
3013206303120,rgb_0/3013.206303.png,3013206303120,depth_0/3013.206303.png
3013243166208,rgb_0/3013.243166.png,3013243166208,depth_0/3013.243166.png
3013280029774,rgb_0/3013.280029.png,3013280029774,depth_0/3013.280029.png
3013316893101,rgb_0/3013.316893.png,3013316893101,depth_0/3013.316893.png
3013353756428,rgb_0/3013.353756.png,3013353756428,depth_0/3013.353756.png
3013390619755,rgb_0/3013.390619.png,3013390619755,depth_0/3013.390619.png
3013427483320,rgb_0/3013.427483.png,3013427483320,depth_0/3013.427483.png
3013464346409,rgb_0/3013.464346.png,3013464346409,depth_0/3013.464346.png
3013501209736,rgb_0/3013.501209.png,3013501209736,depth_0/3013.501209.png
3013538073063,rgb_0/3013.538073.png,3013538073063,depth_0/3013.538073.png
3013574936628,rgb_0/3013.574936.png,3013574936628,depth_0/3013.574936.png
3013611799955,rgb_0/3013.611799.png,3013611799955,depth_0/3013.611799.png
3013648663044,rgb_0/3013.648663.png,3013648663044,depth_0/3013.648663.png
3013685526371,rgb_0/3013.685526.png,3013685526371,depth_0/3013.685526.png
3013722389698,rgb_0/3013.722389.png,3013722389698,depth_0/3013.722389.png
3013759253263,rgb_0/3013.759253.png,3013759253263,depth_0/3013.759253.png
3013796116591,rgb_0/3013.796116.png,3013796116591,depth_0/3013.796116.png
3013832979918,rgb_0/3013.832979.png,3013832979918,depth_0/3013.832979.png
3013869843006,rgb_0/3013.869843.png,3013869843006,depth_0/3013.869843.png
3013906706572,rgb_0/3013.906706.png,3013906706572,depth_0/3013.906706.png
3013943569899,rgb_0/3013.943569.png,3013943569899,depth_0/3013.943569.png
3013980433226,rgb_0/3013.980433.png,3013980433226,depth_0/3013.980433.png
3014017296553,rgb_0/3014.017296.png,3014017296553,depth_0/3014.017296.png
3014054159880,rgb_0/3014.054159.png,3014054159880,depth_0/3014.054159.png
3014091023207,rgb_0/3014.091023.png,3014091023207,depth_0/3014.091023.png
3014127886534,rgb_0/3014.127886.png,3014127886534,depth_0/3014.127886.png
3014164749861,rgb_0/3014.164749.png,3014164749861,depth_0/3014.164749.png
3014201613426,rgb_0/3014.201613.png,3014201613426,depth_0/3014.201613.png
3014238476753,rgb_0/3014.238476.png,3014238476753,depth_0/3014.238476.png
3014275339842,rgb_0/3014.275339.png,3014275339842,depth_0/3014.275339.png
3014312203169,rgb_0/3014.312203.png,3014312203169,depth_0/3014.312203.png
3014349066734,rgb_0/3014.349066.png,3014349066734,depth_0/3014.349066.png
3014385930061,rgb_0/3014.385930.png,3014385930061,depth_0/3014.385930.png
3014422793388,rgb_0/3014.422793.png,3014422793388,depth_0/3014.422793.png
3014459656715,rgb_0/3014.459656.png,3014459656715,depth_0/3014.459656.png
3014496520042,rgb_0/3014.496520.png,3014496520042,depth_0/3014.496520.png
3014533383369,rgb_0/3014.533383.png,3014533383369,depth_0/3014.533383.png
3014570246696,rgb_0/3014.570246.png,3014570246696,depth_0/3014.570246.png
3014607110023,rgb_0/3014.607110.png,3014607110023,depth_0/3014.607110.png
3014643973589,rgb_0/3014.643973.png,3014643973589,depth_0/3014.643973.png
3014680836678,rgb_0/3014.680836.png,3014680836678,depth_0/3014.680836.png
3014717700005,rgb_0/3014.717700.png,3014717700005,depth_0/3014.717700.png
3014754563332,rgb_0/3014.754563.png,3014754563332,depth_0/3014.754563.png
3014791426897,rgb_0/3014.791426.png,3014791426897,depth_0/3014.791426.png
3014828290224,rgb_0/3014.828290.png,3014828290224,depth_0/3014.828290.png
3014865153551,rgb_0/3014.865153.png,3014865153551,depth_0/3014.865153.png
3014902016640,rgb_0/3014.902016.png,3014902016640,depth_0/3014.902016.png
3014938880205,rgb_0/3014.938880.png,3014938880205,depth_0/3014.938880.png
3014975743532,rgb_0/3014.975743.png,3014975743532,depth_0/3014.975743.png
3015012606859,rgb_0/3015.012606.png,3015012606859,depth_0/3015.012606.png
3015049470186,rgb_0/3015.049470.png,3015049470186,depth_0/3015.049470.png
3015086333752,rgb_0/3015.086333.png,3015086333752,depth_0/3015.086333.png
3015123196840,rgb_0/3015.123196.png,3015123196840,depth_0/3015.123196.png
3015160060167,rgb_0/3015.160060.png,3015160060167,depth_0/3015.160060.png
3015196923494,rgb_0/3015.196923.png,3015196923494,depth_0/3015.196923.png
3015233787060,rgb_0/3015.233787.png,3015233787060,depth_0/3015.233787.png
3015270650387,rgb_0/3015.270650.png,3015270650387,depth_0/3015.270650.png
3015307513475,rgb_0/3015.307513.png,3015307513475,depth_0/3015.307513.png
3015344376802,rgb_0/3015.344376.png,3015344376802,depth_0/3015.344376.png
3015381240368,rgb_0/3015.381240.png,3015381240368,depth_0/3015.381240.png
3015418103695,rgb_0/3015.418103.png,3015418103695,depth_0/3015.418103.png
3015454967022,rgb_0/3015.454967.png,3015454967022,depth_0/3015.454967.png
3015491830349,rgb_0/3015.491830.png,3015491830349,depth_0/3015.491830.png
3015528693676,rgb_0/3015.528693.png,3015528693676,depth_0/3015.528693.png
3015565557003,rgb_0/3015.565557.png,3015565557003,depth_0/3015.565557.png
3015602420330,rgb_0/3015.602420.png,3015602420330,depth_0/3015.602420.png
3015639283657,rgb_0/3015.639283.png,3015639283657,depth_0/3015.639283.png
3015676147223,rgb_0/3015.676147.png,3015676147223,depth_0/3015.676147.png
3015713010550,rgb_0/3015.713010.png,3015713010550,depth_0/3015.713010.png
3015749873638,rgb_0/3015.749873.png,3015749873638,depth_0/3015.749873.png
3015786736965,rgb_0/3015.786736.png,3015786736965,depth_0/3015.786736.png
3015823600531,rgb_0/3015.823600.png,3015823600531,depth_0/3015.823600.png
3015860463858,rgb_0/3015.860463.png,3015860463858,depth_0/3015.860463.png
3015897327185,rgb_0/3015.897327.png,3015897327185,depth_0/3015.897327.png
3015934190273,rgb_0/3015.934190.png,3015934190273,depth_0/3015.934190.png
3015971053839,rgb_0/3015.971053.png,3015971053839,depth_0/3015.971053.png
3016007917166,rgb_0/3016.007917.png,3016007917166,depth_0/3016.007917.png
3016044780493,rgb_0/3016.044780.png,3016044780493,depth_0/3016.044780.png
3016081643820,rgb_0/3016.081643.png,3016081643820,depth_0/3016.081643.png
3016118507385,rgb_0/3016.118507.png,3016118507385,depth_0/3016.118507.png
3016155370474,rgb_0/3016.155370.png,3016155370474,depth_0/3016.155370.png
3016192233801,rgb_0/3016.192233.png,3016192233801,depth_0/3016.192233.png
3016229097128,rgb_0/3016.229097.png,3016229097128,depth_0/3016.229097.png
3016265960693,rgb_0/3016.265960.png,3016265960693,depth_0/3016.265960.png
3016302824020,rgb_0/3016.302824.png,3016302824020,depth_0/3016.302824.png
3016339687347,rgb_0/3016.339687.png,3016339687347,depth_0/3016.339687.png
3016376550436,rgb_0/3016.376550.png,3016376550436,depth_0/3016.376550.png
3016413413763,rgb_0/3016.413413.png,3016413413763,depth_0/3016.413413.png
3016450277328,rgb_0/3016.450277.png,3016450277328,depth_0/3016.450277.png
3016487140656,rgb_0/3016.487140.png,3016487140656,depth_0/3016.487140.png
3016524003983,rgb_0/3016.524003.png,3016524003983,depth_0/3016.524003.png
3016560867071,rgb_0/3016.560867.png,3016560867071,depth_0/3016.560867.png
3016597730637,rgb_0/3016.597730.png,3016597730637,depth_0/3016.597730.png
3016634593964,rgb_0/3016.634593.png,3016634593964,depth_0/3016.634593.png
3016671457291,rgb_0/3016.671457.png,3016671457291,depth_0/3016.671457.png
3016708320618,rgb_0/3016.708320.png,3016708320618,depth_0/3016.708320.png
3016745184183,rgb_0/3016.745184.png,3016745184183,depth_0/3016.745184.png
3016782047272,rgb_0/3016.782047.png,3016782047272,depth_0/3016.782047.png
3016818910599,rgb_0/3016.818910.png,3016818910599,depth_0/3016.818910.png
3016855773926,rgb_0/3016.855773.png,3016855773926,depth_0/3016.855773.png
3016892637491,rgb_0/3016.892637.png,3016892637491,depth_0/3016.892637.png
3016929500818,rgb_0/3016.929500.png,3016929500818,depth_0/3016.929500.png
3016966363907,rgb_0/3016.966363.png,3016966363907,depth_0/3016.966363.png
3017003227234,rgb_0/3017.003227.png,3017003227234,depth_0/3017.003227.png
3017040090799,rgb_0/3017.040090.png,3017040090799,depth_0/3017.040090.png
3017076954126,rgb_0/3017.076954.png,3017076954126,depth_0/3017.076954.png
3017113817453,rgb_0/3017.113817.png,3017113817453,depth_0/3017.113817.png
3017150680780,rgb_0/3017.150680.png,3017150680780,depth_0/3017.150680.png
3017187544107,rgb_0/3017.187544.png,3017187544107,depth_0/3017.187544.png
3017224407434,rgb_0/3017.224407.png,3017224407434,depth_0/3017.224407.png
3017261270761,rgb_0/3017.261270.png,3017261270761,depth_0/3017.261270.png
3017298134089,rgb_0/3017.298134.png,3017298134089,depth_0/3017.298134.png
3017334997654,rgb_0/3017.334997.png,3017334997654,depth_0/3017.334997.png
3017371860981,rgb_0/3017.371860.png,3017371860981,depth_0/3017.371860.png
3017408724070,rgb_0/3017.408724.png,3017408724070,depth_0/3017.408724.png
3017445587397,rgb_0/3017.445587.png,3017445587397,depth_0/3017.445587.png
3017482450962,rgb_0/3017.482450.png,3017482450962,depth_0/3017.482450.png
3017519314289,rgb_0/3017.519314.png,3017519314289,depth_0/3017.519314.png
3017556177616,rgb_0/3017.556177.png,3017556177616,depth_0/3017.556177.png
3017593040705,rgb_0/3017.593040.png,3017593040705,depth_0/3017.593040.png
3017629904270,rgb_0/3017.629904.png,3017629904270,depth_0/3017.629904.png
3017666767597,rgb_0/3017.666767.png,3017666767597,depth_0/3017.666767.png
3017703630924,rgb_0/3017.703630.png,3017703630924,depth_0/3017.703630.png
3017740494251,rgb_0/3017.740494.png,3017740494251,depth_0/3017.740494.png
3017777357817,rgb_0/3017.777357.png,3017777357817,depth_0/3017.777357.png
3017814220905,rgb_0/3017.814220.png,3017814220905,depth_0/3017.814220.png
3017851084232,rgb_0/3017.851084.png,3017851084232,depth_0/3017.851084.png
3017887947559,rgb_0/3017.887947.png,3017887947559,depth_0/3017.887947.png
3017924811125,rgb_0/3017.924811.png,3017924811125,depth_0/3017.924811.png
3017961674452,rgb_0/3017.961674.png,3017961674452,depth_0/3017.961674.png
3017998537779,rgb_0/3017.998537.png,3017998537779,depth_0/3017.998537.png
3018035400867,rgb_0/3018.035400.png,3018035400867,depth_0/3018.035400.png
3018072264433,rgb_0/3018.072264.png,3018072264433,depth_0/3018.072264.png
3018109127760,rgb_0/3018.109127.png,3018109127760,depth_0/3018.109127.png
3018145991087,rgb_0/3018.145991.png,3018145991087,depth_0/3018.145991.png
3018182854414,rgb_0/3018.182854.png,3018182854414,depth_0/3018.182854.png
3018219717741,rgb_0/3018.219717.png,3018219717741,depth_0/3018.219717.png
3018256581068,rgb_0/3018.256581.png,3018256581068,depth_0/3018.256581.png
3018293444395,rgb_0/3018.293444.png,3018293444395,depth_0/3018.293444.png
3018330307722,rgb_0/3018.330307.png,3018330307722,depth_0/3018.330307.png
3018367171288,rgb_0/3018.367171.png,3018367171288,depth_0/3018.367171.png
3018404034615,rgb_0/3018.404034.png,3018404034615,depth_0/3018.404034.png
3018440897703,rgb_0/3018.440897.png,3018440897703,depth_0/3018.440897.png
3018477761030,rgb_0/3018.477761.png,3018477761030,depth_0/3018.477761.png
3018514624596,rgb_0/3018.514624.png,3018514624596,depth_0/3018.514624.png
3018551487923,rgb_0/3018.551487.png,3018551487923,depth_0/3018.551487.png
3018588351250,rgb_0/3018.588351.png,3018588351250,depth_0/3018.588351.png
3018625214577,rgb_0/3018.625214.png,3018625214577,depth_0/3018.625214.png
3018662077904,rgb_0/3018.662077.png,3018662077904,depth_0/3018.662077.png
3018698941231,rgb_0/3018.698941.png,3018698941231,depth_0/3018.698941.png
3018735804558,rgb_0/3018.735804.png,3018735804558,depth_0/3018.735804.png
3018772667885,rgb_0/3018.772667.png,3018772667885,depth_0/3018.772667.png
3018809531450,rgb_0/3018.809531.png,3018809531450,depth_0/3018.809531.png
3018846394539,rgb_0/3018.846394.png,3018846394539,depth_0/3018.846394.png
3018883257866,rgb_0/3018.883257.png,3018883257866,depth_0/3018.883257.png
3018920121193,rgb_0/3018.920121.png,3018920121193,depth_0/3018.920121.png
3018956984758,rgb_0/3018.956984.png,3018956984758,depth_0/3018.956984.png
3018993848085,rgb_0/3018.993848.png,3018993848085,depth_0/3018.993848.png
3019030711412,rgb_0/3019.030711.png,3019030711412,depth_0/3019.030711.png
3019067574501,rgb_0/3019.067574.png,3019067574501,depth_0/3019.067574.png
3019104438066,rgb_0/3019.104438.png,3019104438066,depth_0/3019.104438.png
3019141301394,rgb_0/3019.141301.png,3019141301394,depth_0/3019.141301.png
3019178164721,rgb_0/3019.178164.png,3019178164721,depth_0/3019.178164.png
3019215028048,rgb_0/3019.215028.png,3019215028048,depth_0/3019.215028.png
3019251891136,rgb_0/3019.251891.png,3019251891136,depth_0/3019.251891.png
3019288754702,rgb_0/3019.288754.png,3019288754702,depth_0/3019.288754.png
3019325618029,rgb_0/3019.325618.png,3019325618029,depth_0/3019.325618.png
3019362481356,rgb_0/3019.362481.png,3019362481356,depth_0/3019.362481.png
3019399344683,rgb_0/3019.399344.png,3019399344683,depth_0/3019.399344.png
3019436208248,rgb_0/3019.436208.png,3019436208248,depth_0/3019.436208.png
3019473071337,rgb_0/3019.473071.png,3019473071337,depth_0/3019.473071.png
3019509934664,rgb_0/3019.509934.png,3019509934664,depth_0/3019.509934.png
3019546797991,rgb_0/3019.546797.png,3019546797991,depth_0/3019.546797.png
3019583661556,rgb_0/3019.583661.png,3019583661556,depth_0/3019.583661.png
3019620524883,rgb_0/3019.620524.png,3019620524883,depth_0/3019.620524.png
3019657388210,rgb_0/3019.657388.png,3019657388210,depth_0/3019.657388.png
3019694251299,rgb_0/3019.694251.png,3019694251299,depth_0/3019.694251.png
3019731114864,rgb_0/3019.731114.png,3019731114864,depth_0/3019.731114.png
3019767978191,rgb_0/3019.767978.png,3019767978191,depth_0/3019.767978.png
3019804841518,rgb_0/3019.804841.png,3019804841518,depth_0/3019.804841.png
3019841704845,rgb_0/3019.841704.png,3019841704845,depth_0/3019.841704.png
3019878568172,rgb_0/3019.878568.png,3019878568172,depth_0/3019.878568.png
3019915431499,rgb_0/3019.915431.png,3019915431499,depth_0/3019.915431.png
3019952294827,rgb_0/3019.952294.png,3019952294827,depth_0/3019.952294.png
3019989158154,rgb_0/3019.989158.png,3019989158154,depth_0/3019.989158.png
3020026021719,rgb_0/3020.026021.png,3020026021719,depth_0/3020.026021.png
3020062885046,rgb_0/3020.062885.png,3020062885046,depth_0/3020.062885.png
3020099748135,rgb_0/3020.099748.png,3020099748135,depth_0/3020.099748.png
3020136611462,rgb_0/3020.136611.png,3020136611462,depth_0/3020.136611.png
3020173475027,rgb_0/3020.173475.png,3020173475027,depth_0/3020.173475.png
3020210338354,rgb_0/3020.210338.png,3020210338354,depth_0/3020.210338.png
3020247201681,rgb_0/3020.247201.png,3020247201681,depth_0/3020.247201.png
3020284065008,rgb_0/3020.284065.png,3020284065008,depth_0/3020.284065.png
3020320928335,rgb_0/3020.320928.png,3020320928335,depth_0/3020.320928.png
3020357791662,rgb_0/3020.357791.png,3020357791662,depth_0/3020.357791.png
3020394654989,rgb_0/3020.394654.png,3020394654989,depth_0/3020.394654.png
3020431518316,rgb_0/3020.431518.png,3020431518316,depth_0/3020.431518.png
3020468381882,rgb_0/3020.468381.png,3020468381882,depth_0/3020.468381.png
3020505244970,rgb_0/3020.505244.png,3020505244970,depth_0/3020.505244.png
3020542108297,rgb_0/3020.542108.png,3020542108297,depth_0/3020.542108.png
3020578971624,rgb_0/3020.578971.png,3020578971624,depth_0/3020.578971.png
3020615835190,rgb_0/3020.615835.png,3020615835190,depth_0/3020.615835.png
3020652698517,rgb_0/3020.652698.png,3020652698517,depth_0/3020.652698.png
3020689561844,rgb_0/3020.689561.png,3020689561844,depth_0/3020.689561.png
3020726424932,rgb_0/3020.726424.png,3020726424932,depth_0/3020.726424.png
3020763288498,rgb_0/3020.763288.png,3020763288498,depth_0/3020.763288.png
3020800151825,rgb_0/3020.800151.png,3020800151825,depth_0/3020.800151.png
3020837015152,rgb_0/3020.837015.png,3020837015152,depth_0/3020.837015.png
3020873878479,rgb_0/3020.873878.png,3020873878479,depth_0/3020.873878.png
3020910742044,rgb_0/3020.910742.png,3020910742044,depth_0/3020.910742.png
3020947605133,rgb_0/3020.947605.png,3020947605133,depth_0/3020.947605.png
3020984468460,rgb_0/3020.984468.png,3020984468460,depth_0/3020.984468.png
3021021331787,rgb_0/3021.021331.png,3021021331787,depth_0/3021.021331.png
3021058195353,rgb_0/3021.058195.png,3021058195353,depth_0/3021.058195.png
3021095058680,rgb_0/3021.095058.png,3021095058680,depth_0/3021.095058.png
3021131921768,rgb_0/3021.131921.png,3021131921768,depth_0/3021.131921.png
3021168785095,rgb_0/3021.168785.png,3021168785095,depth_0/3021.168785.png
3021205648661,rgb_0/3021.205648.png,3021205648661,depth_0/3021.205648.png
3021242511988,rgb_0/3021.242511.png,3021242511988,depth_0/3021.242511.png
3021279375315,rgb_0/3021.279375.png,3021279375315,depth_0/3021.279375.png
3021316238642,rgb_0/3021.316238.png,3021316238642,depth_0/3021.316238.png
3021353101969,rgb_0/3021.353101.png,3021353101969,depth_0/3021.353101.png
3021389965296,rgb_0/3021.389965.png,3021389965296,depth_0/3021.389965.png
3021426828623,rgb_0/3021.426828.png,3021426828623,depth_0/3021.426828.png
3021463691950,rgb_0/3021.463691.png,3021463691950,depth_0/3021.463691.png
3021500555515,rgb_0/3021.500555.png,3021500555515,depth_0/3021.500555.png
3021537418604,rgb_0/3021.537418.png,3021537418604,depth_0/3021.537418.png
3021574281931,rgb_0/3021.574281.png,3021574281931,depth_0/3021.574281.png
3021611145258,rgb_0/3021.611145.png,3021611145258,depth_0/3021.611145.png
3021648008823,rgb_0/3021.648008.png,3021648008823,depth_0/3021.648008.png
3021684872150,rgb_0/3021.684872.png,3021684872150,depth_0/3021.684872.png
3021721735477,rgb_0/3021.721735.png,3021721735477,depth_0/3021.721735.png
3021758598566,rgb_0/3021.758598.png,3021758598566,depth_0/3021.758598.png
3021795462132,rgb_0/3021.795462.png,3021795462132,depth_0/3021.795462.png
3021832325459,rgb_0/3021.832325.png,3021832325459,depth_0/3021.832325.png
3021869188786,rgb_0/3021.869188.png,3021869188786,depth_0/3021.869188.png
3021906052113,rgb_0/3021.906052.png,3021906052113,depth_0/3021.906052.png
3021942915440,rgb_0/3021.942915.png,3021942915440,depth_0/3021.942915.png
3021979778767,rgb_0/3021.979778.png,3021979778767,depth_0/3021.979778.png
3022016642094,rgb_0/3022.016642.png,3022016642094,depth_0/3022.016642.png
3022053505421,rgb_0/3022.053505.png,3022053505421,depth_0/3022.053505.png
3022090368748,rgb_0/3022.090368.png,3022090368748,depth_0/3022.090368.png
3022127232313,rgb_0/3022.127232.png,3022127232313,depth_0/3022.127232.png
3022164095402,rgb_0/3022.164095.png,3022164095402,depth_0/3022.164095.png
3022200958729,rgb_0/3022.200958.png,3022200958729,depth_0/3022.200958.png
3022237822056,rgb_0/3022.237822.png,3022237822056,depth_0/3022.237822.png
3022274685621,rgb_0/3022.274685.png,3022274685621,depth_0/3022.274685.png
3022311548948,rgb_0/3022.311548.png,3022311548948,depth_0/3022.311548.png
3022348412275,rgb_0/3022.348412.png,3022348412275,depth_0/3022.348412.png
3022385275364,rgb_0/3022.385275.png,3022385275364,depth_0/3022.385275.png
3022422138929,rgb_0/3022.422138.png,3022422138929,depth_0/3022.422138.png
3022459002256,rgb_0/3022.459002.png,3022459002256,depth_0/3022.459002.png
3022495865583,rgb_0/3022.495865.png,3022495865583,depth_0/3022.495865.png
3022532728910,rgb_0/3022.532728.png,3022532728910,depth_0/3022.532728.png
3022569592476,rgb_0/3022.569592.png,3022569592476,depth_0/3022.569592.png
3022606455564,rgb_0/3022.606455.png,3022606455564,depth_0/3022.606455.png
3022643318892,rgb_0/3022.643318.png,3022643318892,depth_0/3022.643318.png
3022680182219,rgb_0/3022.680182.png,3022680182219,depth_0/3022.680182.png
3022717045784,rgb_0/3022.717045.png,3022717045784,depth_0/3022.717045.png
3022753909111,rgb_0/3022.753909.png,3022753909111,depth_0/3022.753909.png
3022790772200,rgb_0/3022.790772.png,3022790772200,depth_0/3022.790772.png
3022827635527,rgb_0/3022.827635.png,3022827635527,depth_0/3022.827635.png
3022864499092,rgb_0/3022.864499.png,3022864499092,depth_0/3022.864499.png
3022901362419,rgb_0/3022.901362.png,3022901362419,depth_0/3022.901362.png
3022938225746,rgb_0/3022.938225.png,3022938225746,depth_0/3022.938225.png
3022975089073,rgb_0/3022.975089.png,3022975089073,depth_0/3022.975089.png
3023011952400,rgb_0/3023.011952.png,3023011952400,depth_0/3023.011952.png
3023048815727,rgb_0/3023.048815.png,3023048815727,depth_0/3023.048815.png
3023085679054,rgb_0/3023.085679.png,3023085679054,depth_0/3023.085679.png
3023122542381,rgb_0/3023.122542.png,3023122542381,depth_0/3023.122542.png
3023159405947,rgb_0/3023.159405.png,3023159405947,depth_0/3023.159405.png
3023196269274,rgb_0/3023.196269.png,3023196269274,depth_0/3023.196269.png
3023233132362,rgb_0/3023.233132.png,3023233132362,depth_0/3023.233132.png
3023269995689,rgb_0/3023.269995.png,3023269995689,depth_0/3023.269995.png
3023306859255,rgb_0/3023.306859.png,3023306859255,depth_0/3023.306859.png
3023343722582,rgb_0/3023.343722.png,3023343722582,depth_0/3023.343722.png
3023380585909,rgb_0/3023.380585.png,3023380585909,depth_0/3023.380585.png
3023417448997,rgb_0/3023.417448.png,3023417448997,depth_0/3023.417448.png
3023454312563,rgb_0/3023.454312.png,3023454312563,depth_0/3023.454312.png
3023491175890,rgb_0/3023.491175.png,3023491175890,depth_0/3023.491175.png
3023528039217,rgb_0/3023.528039.png,3023528039217,depth_0/3023.528039.png
3023564902544,rgb_0/3023.564902.png,3023564902544,depth_0/3023.564902.png
3023601766109,rgb_0/3023.601766.png,3023601766109,depth_0/3023.601766.png
3023638629198,rgb_0/3023.638629.png,3023638629198,depth_0/3023.638629.png
3023675492525,rgb_0/3023.675492.png,3023675492525,depth_0/3023.675492.png
3023712355852,rgb_0/3023.712355.png,3023712355852,depth_0/3023.712355.png
3023749219418,rgb_0/3023.749219.png,3023749219418,depth_0/3023.749219.png
3023786082745,rgb_0/3023.786082.png,3023786082745,depth_0/3023.786082.png
3023822946072,rgb_0/3023.822946.png,3023822946072,depth_0/3023.822946.png
3023859809160,rgb_0/3023.859809.png,3023859809160,depth_0/3023.859809.png
3023896672726,rgb_0/3023.896672.png,3023896672726,depth_0/3023.896672.png
3023933536053,rgb_0/3023.933536.png,3023933536053,depth_0/3023.933536.png
3023970399380,rgb_0/3023.970399.png,3023970399380,depth_0/3023.970399.png
3024007262707,rgb_0/3024.007262.png,3024007262707,depth_0/3024.007262.png
3024044126034,rgb_0/3024.044126.png,3024044126034,depth_0/3024.044126.png
3024080989361,rgb_0/3024.080989.png,3024080989361,depth_0/3024.080989.png
3024117852688,rgb_0/3024.117852.png,3024117852688,depth_0/3024.117852.png
3024154716015,rgb_0/3024.154716.png,3024154716015,depth_0/3024.154716.png
3024191579580,rgb_0/3024.191579.png,3024191579580,depth_0/3024.191579.png
3024228442907,rgb_0/3024.228442.png,3024228442907,depth_0/3024.228442.png
3024265305996,rgb_0/3024.265305.png,3024265305996,depth_0/3024.265305.png
3024302169323,rgb_0/3024.302169.png,3024302169323,depth_0/3024.302169.png
3024339032888,rgb_0/3024.339032.png,3024339032888,depth_0/3024.339032.png
3024375896215,rgb_0/3024.375896.png,3024375896215,depth_0/3024.375896.png
3024412759542,rgb_0/3024.412759.png,3024412759542,depth_0/3024.412759.png
3024449622631,rgb_0/3024.449622.png,3024449622631,depth_0/3024.449622.png
3024486486197,rgb_0/3024.486486.png,3024486486197,depth_0/3024.486486.png
3024523349524,rgb_0/3024.523349.png,3024523349524,depth_0/3024.523349.png
3024560212851,rgb_0/3024.560212.png,3024560212851,depth_0/3024.560212.png
3024597076178,rgb_0/3024.597076.png,3024597076178,depth_0/3024.597076.png
3024633939505,rgb_0/3024.633939.png,3024633939505,depth_0/3024.633939.png
3024670802832,rgb_0/3024.670802.png,3024670802832,depth_0/3024.670802.png
3024707666159,rgb_0/3024.707666.png,3024707666159,depth_0/3024.707666.png
3024744529486,rgb_0/3024.744529.png,3024744529486,depth_0/3024.744529.png
3024781392813,rgb_0/3024.781392.png,3024781392813,depth_0/3024.781392.png
3024818256378,rgb_0/3024.818256.png,3024818256378,depth_0/3024.818256.png
3024855119705,rgb_0/3024.855119.png,3024855119705,depth_0/3024.855119.png
3024891982794,rgb_0/3024.891982.png,3024891982794,depth_0/3024.891982.png
3024928846121,rgb_0/3024.928846.png,3024928846121,depth_0/3024.928846.png
3024965709686,rgb_0/3024.965709.png,3024965709686,depth_0/3024.965709.png
3025002573013,rgb_0/3025.002573.png,3025002573013,depth_0/3025.002573.png
3025039436340,rgb_0/3025.039436.png,3025039436340,depth_0/3025.039436.png
3025076299429,rgb_0/3025.076299.png,3025076299429,depth_0/3025.076299.png
3025113162994,rgb_0/3025.113162.png,3025113162994,depth_0/3025.113162.png
3025150026321,rgb_0/3025.150026.png,3025150026321,depth_0/3025.150026.png
3025186889648,rgb_0/3025.186889.png,3025186889648,depth_0/3025.186889.png
3025223752975,rgb_0/3025.223752.png,3025223752975,depth_0/3025.223752.png
3025260616541,rgb_0/3025.260616.png,3025260616541,depth_0/3025.260616.png
3025297479630,rgb_0/3025.297479.png,3025297479630,depth_0/3025.297479.png
3025334342957,rgb_0/3025.334342.png,3025334342957,depth_0/3025.334342.png
3025371206284,rgb_0/3025.371206.png,3025371206284,depth_0/3025.371206.png
3025408069849,rgb_0/3025.408069.png,3025408069849,depth_0/3025.408069.png
3025444933176,rgb_0/3025.444933.png,3025444933176,depth_0/3025.444933.png
3025481796503,rgb_0/3025.481796.png,3025481796503,depth_0/3025.481796.png
3025518659592,rgb_0/3025.518659.png,3025518659592,depth_0/3025.518659.png
3025555523157,rgb_0/3025.555523.png,3025555523157,depth_0/3025.555523.png
3025592386484,rgb_0/3025.592386.png,3025592386484,depth_0/3025.592386.png
3025629249811,rgb_0/3025.629249.png,3025629249811,depth_0/3025.629249.png
3025666113138,rgb_0/3025.666113.png,3025666113138,depth_0/3025.666113.png
3025702976465,rgb_0/3025.702976.png,3025702976465,depth_0/3025.702976.png
3025739839792,rgb_0/3025.739839.png,3025739839792,depth_0/3025.739839.png
3025776703119,rgb_0/3025.776703.png,3025776703119,depth_0/3025.776703.png
3025813566446,rgb_0/3025.813566.png,3025813566446,depth_0/3025.813566.png
3025850430012,rgb_0/3025.850430.png,3025850430012,depth_0/3025.850430.png
3025887293339,rgb_0/3025.887293.png,3025887293339,depth_0/3025.887293.png
3025924156427,rgb_0/3025.924156.png,3025924156427,depth_0/3025.924156.png
3025961019754,rgb_0/3025.961019.png,3025961019754,depth_0/3025.961019.png
3025997883320,rgb_0/3025.997883.png,3025997883320,depth_0/3025.997883.png
3026034746647,rgb_0/3026.034746.png,3026034746647,depth_0/3026.034746.png
3026071609974,rgb_0/3026.071609.png,3026071609974,depth_0/3026.071609.png
3026108473301,rgb_0/3026.108473.png,3026108473301,depth_0/3026.108473.png
3026145336628,rgb_0/3026.145336.png,3026145336628,depth_0/3026.145336.png
3026182199955,rgb_0/3026.182199.png,3026182199955,depth_0/3026.182199.png
3026219063282,rgb_0/3026.219063.png,3026219063282,depth_0/3026.219063.png
3026255926609,rgb_0/3026.255926.png,3026255926609,depth_0/3026.255926.png
3026292790174,rgb_0/3026.292790.png,3026292790174,depth_0/3026.292790.png
3026329653263,rgb_0/3026.329653.png,3026329653263,depth_0/3026.329653.png
3026366516590,rgb_0/3026.366516.png,3026366516590,depth_0/3026.366516.png
3026403379917,rgb_0/3026.403379.png,3026403379917,depth_0/3026.403379.png
3026440243483,rgb_0/3026.440243.png,3026440243483,depth_0/3026.440243.png
3026477106810,rgb_0/3026.477106.png,3026477106810,depth_0/3026.477106.png
3026513970137,rgb_0/3026.513970.png,3026513970137,depth_0/3026.513970.png
3026550833225,rgb_0/3026.550833.png,3026550833225,depth_0/3026.550833.png
3026587696791,rgb_0/3026.587696.png,3026587696791,depth_0/3026.587696.png
3026624560118,rgb_0/3026.624560.png,3026624560118,depth_0/3026.624560.png
3026661423445,rgb_0/3026.661423.png,3026661423445,depth_0/3026.661423.png
3026698286772,rgb_0/3026.698286.png,3026698286772,depth_0/3026.698286.png
3026735150099,rgb_0/3026.735150.png,3026735150099,depth_0/3026.735150.png
3026772013426,rgb_0/3026.772013.png,3026772013426,depth_0/3026.772013.png
3026808876753,rgb_0/3026.808876.png,3026808876753,depth_0/3026.808876.png
3026845740080,rgb_0/3026.845740.png,3026845740080,depth_0/3026.845740.png
3026882603645,rgb_0/3026.882603.png,3026882603645,depth_0/3026.882603.png
3026919466972,rgb_0/3026.919466.png,3026919466972,depth_0/3026.919466.png
3026956330061,rgb_0/3026.956330.png,3026956330061,depth_0/3026.956330.png
3026993193388,rgb_0/3026.993193.png,3026993193388,depth_0/3026.993193.png
3027030056953,rgb_0/3027.030056.png,3027030056953,depth_0/3027.030056.png
3027066920280,rgb_0/3027.066920.png,3027066920280,depth_0/3027.066920.png
3027103783607,rgb_0/3027.103783.png,3027103783607,depth_0/3027.103783.png
3027140646935,rgb_0/3027.140646.png,3027140646935,depth_0/3027.140646.png
3027177510262,rgb_0/3027.177510.png,3027177510262,depth_0/3027.177510.png
3027214373589,rgb_0/3027.214373.png,3027214373589,depth_0/3027.214373.png
3027251236916,rgb_0/3027.251236.png,3027251236916,depth_0/3027.251236.png
3027288100243,rgb_0/3027.288100.png,3027288100243,depth_0/3027.288100.png
3027324963570,rgb_0/3027.324963.png,3027324963570,depth_0/3027.324963.png
3027361826897,rgb_0/3027.361826.png,3027361826897,depth_0/3027.361826.png
3027398690224,rgb_0/3027.398690.png,3027398690224,depth_0/3027.398690.png
3027435553551,rgb_0/3027.435553.png,3027435553551,depth_0/3027.435553.png
3027472416878,rgb_0/3027.472416.png,3027472416878,depth_0/3027.472416.png
3027509280443,rgb_0/3027.509280.png,3027509280443,depth_0/3027.509280.png
3027546143770,rgb_0/3027.546143.png,3027546143770,depth_0/3027.546143.png
3027583006859,rgb_0/3027.583006.png,3027583006859,depth_0/3027.583006.png
3027619870186,rgb_0/3027.619870.png,3027619870186,depth_0/3027.619870.png
3027656733751,rgb_0/3027.656733.png,3027656733751,depth_0/3027.656733.png
3027693597078,rgb_0/3027.693597.png,3027693597078,depth_0/3027.693597.png
3027730460405,rgb_0/3027.730460.png,3027730460405,depth_0/3027.730460.png
3027767323732,rgb_0/3027.767323.png,3027767323732,depth_0/3027.767323.png
3027804187059,rgb_0/3027.804187.png,3027804187059,depth_0/3027.804187.png
3027841050386,rgb_0/3027.841050.png,3027841050386,depth_0/3027.841050.png
3027877913713,rgb_0/3027.877913.png,3027877913713,depth_0/3027.877913.png
3027914777040,rgb_0/3027.914777.png,3027914777040,depth_0/3027.914777.png
3027951640606,rgb_0/3027.951640.png,3027951640606,depth_0/3027.951640.png
3027988503695,rgb_0/3027.988503.png,3027988503695,depth_0/3027.988503.png
3028025367022,rgb_0/3028.025367.png,3028025367022,depth_0/3028.025367.png
3028062230349,rgb_0/3028.062230.png,3028062230349,depth_0/3028.062230.png
3028099093914,rgb_0/3028.099093.png,3028099093914,depth_0/3028.099093.png
3028135957241,rgb_0/3028.135957.png,3028135957241,depth_0/3028.135957.png
3028172820568,rgb_0/3028.172820.png,3028172820568,depth_0/3028.172820.png
3028209683657,rgb_0/3028.209683.png,3028209683657,depth_0/3028.209683.png
3028246547222,rgb_0/3028.246547.png,3028246547222,depth_0/3028.246547.png
3028283410549,rgb_0/3028.283410.png,3028283410549,depth_0/3028.283410.png
3028320273876,rgb_0/3028.320273.png,3028320273876,depth_0/3028.320273.png
3028357137203,rgb_0/3028.357137.png,3028357137203,depth_0/3028.357137.png
3028394000769,rgb_0/3028.394000.png,3028394000769,depth_0/3028.394000.png
3028430863857,rgb_0/3028.430863.png,3028430863857,depth_0/3028.430863.png
3028467727184,rgb_0/3028.467727.png,3028467727184,depth_0/3028.467727.png
3028504590511,rgb_0/3028.504590.png,3028504590511,depth_0/3028.504590.png
3028541454077,rgb_0/3028.541454.png,3028541454077,depth_0/3028.541454.png
3028578317404,rgb_0/3028.578317.png,3028578317404,depth_0/3028.578317.png
3028615180492,rgb_0/3028.615180.png,3028615180492,depth_0/3028.615180.png
3028652043819,rgb_0/3028.652043.png,3028652043819,depth_0/3028.652043.png
3028688907385,rgb_0/3028.688907.png,3028688907385,depth_0/3028.688907.png
3028725770712,rgb_0/3028.725770.png,3028725770712,depth_0/3028.725770.png
3028762634039,rgb_0/3028.762634.png,3028762634039,depth_0/3028.762634.png
3028799497366,rgb_0/3028.799497.png,3028799497366,depth_0/3028.799497.png
3028836360693,rgb_0/3028.836360.png,3028836360693,depth_0/3028.836360.png
3028873224020,rgb_0/3028.873224.png,3028873224020,depth_0/3028.873224.png
3028910087347,rgb_0/3028.910087.png,3028910087347,depth_0/3028.910087.png
3028946950674,rgb_0/3028.946950.png,3028946950674,depth_0/3028.946950.png
3028983814240,rgb_0/3028.983814.png,3028983814240,depth_0/3028.983814.png
3029020677328,rgb_0/3029.020677.png,3029020677328,depth_0/3029.020677.png
3029057540655,rgb_0/3029.057540.png,3029057540655,depth_0/3029.057540.png
3029094403982,rgb_0/3029.094403.png,3029094403982,depth_0/3029.094403.png
3029131267548,rgb_0/3029.131267.png,3029131267548,depth_0/3029.131267.png
3029168130875,rgb_0/3029.168130.png,3029168130875,depth_0/3029.168130.png
3029204994202,rgb_0/3029.204994.png,3029204994202,depth_0/3029.204994.png
3029241857290,rgb_0/3029.241857.png,3029241857290,depth_0/3029.241857.png
3029278720856,rgb_0/3029.278720.png,3029278720856,depth_0/3029.278720.png
3029315584183,rgb_0/3029.315584.png,3029315584183,depth_0/3029.315584.png
3029352447510,rgb_0/3029.352447.png,3029352447510,depth_0/3029.352447.png
3029389310837,rgb_0/3029.389310.png,3029389310837,depth_0/3029.389310.png
3029426174402,rgb_0/3029.426174.png,3029426174402,depth_0/3029.426174.png
3029463037491,rgb_0/3029.463037.png,3029463037491,depth_0/3029.463037.png
3029499900818,rgb_0/3029.499900.png,3029499900818,depth_0/3029.499900.png
3029536764145,rgb_0/3029.536764.png,3029536764145,depth_0/3029.536764.png
3029573627710,rgb_0/3029.573627.png,3029573627710,depth_0/3029.573627.png
3029610491037,rgb_0/3029.610491.png,3029610491037,depth_0/3029.610491.png
3029647354126,rgb_0/3029.647354.png,3029647354126,depth_0/3029.647354.png
3029684217453,rgb_0/3029.684217.png,3029684217453,depth_0/3029.684217.png
3029721081018,rgb_0/3029.721081.png,3029721081018,depth_0/3029.721081.png
3029757944345,rgb_0/3029.757944.png,3029757944345,depth_0/3029.757944.png
3029794807673,rgb_0/3029.794807.png,3029794807673,depth_0/3029.794807.png
3029831671000,rgb_0/3029.831671.png,3029831671000,depth_0/3029.831671.png
3029868534327,rgb_0/3029.868534.png,3029868534327,depth_0/3029.868534.png
3029905397654,rgb_0/3029.905397.png,3029905397654,depth_0/3029.905397.png
3029942260981,rgb_0/3029.942260.png,3029942260981,depth_0/3029.942260.png
3029979124308,rgb_0/3029.979124.png,3029979124308,depth_0/3029.979124.png
3030015987873,rgb_0/3030.015987.png,3030015987873,depth_0/3030.015987.png
3030052851200,rgb_0/3030.052851.png,3030052851200,depth_0/3030.052851.png
3030089714289,rgb_0/3030.089714.png,3030089714289,depth_0/3030.089714.png
3030126577616,rgb_0/3030.126577.png,3030126577616,depth_0/3030.126577.png
3030163440943,rgb_0/3030.163440.png,3030163440943,depth_0/3030.163440.png
3030200304508,rgb_0/3030.200304.png,3030200304508,depth_0/3030.200304.png
3030237167835,rgb_0/3030.237167.png,3030237167835,depth_0/3030.237167.png
3030274030924,rgb_0/3030.274030.png,3030274030924,depth_0/3030.274030.png
3030310894251,rgb_0/3030.310894.png,3030310894251,depth_0/3030.310894.png
3030347757816,rgb_0/3030.347757.png,3030347757816,depth_0/3030.347757.png
3030384621143,rgb_0/3030.384621.png,3030384621143,depth_0/3030.384621.png
3030421484470,rgb_0/3030.421484.png,3030421484470,depth_0/3030.421484.png
3030458347797,rgb_0/3030.458347.png,3030458347797,depth_0/3030.458347.png
3030495211124,rgb_0/3030.495211.png,3030495211124,depth_0/3030.495211.png
3030532074451,rgb_0/3030.532074.png,3030532074451,depth_0/3030.532074.png
3030568937778,rgb_0/3030.568937.png,3030568937778,depth_0/3030.568937.png
3030605801105,rgb_0/3030.605801.png,3030605801105,depth_0/3030.605801.png
3030642664671,rgb_0/3030.642664.png,3030642664671,depth_0/3030.642664.png
3030679527998,rgb_0/3030.679527.png,3030679527998,depth_0/3030.679527.png
3030716391087,rgb_0/3030.716391.png,3030716391087,depth_0/3030.716391.png
3030753254414,rgb_0/3030.753254.png,3030753254414,depth_0/3030.753254.png
3030790117979,rgb_0/3030.790117.png,3030790117979,depth_0/3030.790117.png
3030826981306,rgb_0/3030.826981.png,3030826981306,depth_0/3030.826981.png
3030863844633,rgb_0/3030.863844.png,3030863844633,depth_0/3030.863844.png
3030900707722,rgb_0/3030.900707.png,3030900707722,depth_0/3030.900707.png
3030937571287,rgb_0/3030.937571.png,3030937571287,depth_0/3030.937571.png
3030974434614,rgb_0/3030.974434.png,3030974434614,depth_0/3030.974434.png
3031011297941,rgb_0/3031.011297.png,3031011297941,depth_0/3031.011297.png
3031048161268,rgb_0/3031.048161.png,3031048161268,depth_0/3031.048161.png
3031085024834,rgb_0/3031.085024.png,3031085024834,depth_0/3031.085024.png
3031121887922,rgb_0/3031.121887.png,3031121887922,depth_0/3031.121887.png
3031158751249,rgb_0/3031.158751.png,3031158751249,depth_0/3031.158751.png
3031195614576,rgb_0/3031.195614.png,3031195614576,depth_0/3031.195614.png
3031232478142,rgb_0/3031.232478.png,3031232478142,depth_0/3031.232478.png
3031269341469,rgb_0/3031.269341.png,3031269341469,depth_0/3031.269341.png
3031306204557,rgb_0/3031.306204.png,3031306204557,depth_0/3031.306204.png
3031343067884,rgb_0/3031.343067.png,3031343067884,depth_0/3031.343067.png
3031379931450,rgb_0/3031.379931.png,3031379931450,depth_0/3031.379931.png
3031416794777,rgb_0/3031.416794.png,3031416794777,depth_0/3031.416794.png
3031453658104,rgb_0/3031.453658.png,3031453658104,depth_0/3031.453658.png
3031490521431,rgb_0/3031.490521.png,3031490521431,depth_0/3031.490521.png
3031527384758,rgb_0/3031.527384.png,3031527384758,depth_0/3031.527384.png
3031564248085,rgb_0/3031.564248.png,3031564248085,depth_0/3031.564248.png
3031601111412,rgb_0/3031.601111.png,3031601111412,depth_0/3031.601111.png
3031637974739,rgb_0/3031.637974.png,3031637974739,depth_0/3031.637974.png
3031674838305,rgb_0/3031.674838.png,3031674838305,depth_0/3031.674838.png
3031711701632,rgb_0/3031.711701.png,3031711701632,depth_0/3031.711701.png
3031748564720,rgb_0/3031.748564.png,3031748564720,depth_0/3031.748564.png
3031785428047,rgb_0/3031.785428.png,3031785428047,depth_0/3031.785428.png
3031822291613,rgb_0/3031.822291.png,3031822291613,depth_0/3031.822291.png
3031859154940,rgb_0/3031.859154.png,3031859154940,depth_0/3031.859154.png
3031896018267,rgb_0/3031.896018.png,3031896018267,depth_0/3031.896018.png
3031932881355,rgb_0/3031.932881.png,3031932881355,depth_0/3031.932881.png
3031969744921,rgb_0/3031.969744.png,3031969744921,depth_0/3031.969744.png
3032006608248,rgb_0/3032.006608.png,3032006608248,depth_0/3032.006608.png
3032043471575,rgb_0/3032.043471.png,3032043471575,depth_0/3032.043471.png
3032080334902,rgb_0/3032.080334.png,3032080334902,depth_0/3032.080334.png
3032117198467,rgb_0/3032.117198.png,3032117198467,depth_0/3032.117198.png
3032154061556,rgb_0/3032.154061.png,3032154061556,depth_0/3032.154061.png
3032190924883,rgb_0/3032.190924.png,3032190924883,depth_0/3032.190924.png
3032227788210,rgb_0/3032.227788.png,3032227788210,depth_0/3032.227788.png
3032264651775,rgb_0/3032.264651.png,3032264651775,depth_0/3032.264651.png
3032301515102,rgb_0/3032.301515.png,3032301515102,depth_0/3032.301515.png
3032338378429,rgb_0/3032.338378.png,3032338378429,depth_0/3032.338378.png
3032375241518,rgb_0/3032.375241.png,3032375241518,depth_0/3032.375241.png
3032412105083,rgb_0/3032.412105.png,3032412105083,depth_0/3032.412105.png
3032448968410,rgb_0/3032.448968.png,3032448968410,depth_0/3032.448968.png
3032485831738,rgb_0/3032.485831.png,3032485831738,depth_0/3032.485831.png
